﻿NAME_health,high_school_completion_25plus,bachelor's_degree_or_higher_25plus,unemployment_rate,broadband_internet_subscription,uninsured_population,total_civilian_noninstitutionalized_population,population_with_a_disability,total_population_disability_universe,state,county,tract,median_household_income_health,population_below_poverty,total_population_poverty_universe,owner-occupied_housing_units_health,renter-occupied_housing_units_health,median_home_value_health,median_gross_rent_health,vacant_housing_units,total_housing_units,public_transportation_to_work,total_workers_transportation_universe,total_population,median_age,children_in_married-couple_families,children_in_single-parent_families,total_children,total_population_5plus_language_universe,speak_only_english,foreign-born_population,"white_alone,_not_hispanic",black_or_african_american_alone,hispanic_or_latino,asian_alone,male_under_5_years,female_under_5_years,male_65_years_and_over,female_65_years_and_over,poverty_rate,vacancy_rate,public_transit_rate,uninsured_rate,disability_rate,single_parent_rate,foreign_born_rate,home_ownership_rate,NAME_econ,median_household_income_econ,per_capita_income,population_below_poverty_level,total_population_for_poverty_status,civilian_labor_force,unemployed,employed,bachelor's_degree,master's_degree,professional_degree,doctorate_degree,total_population_25+,median_home_value_econ,median_gross_rent_econ,owner-occupied_housing_units_econ,renter-occupied_housing_units_econ
Census Tract 101; Baltimore city; Maryland,97.5,82.1,0.8,87.6,96.1,2606,208,2606,24,510,10100,152969,121,2562,1138,206,370900,2105,299,1643,92,1908,2755,34.3,223,12,261,2637,155,140,2151,270,192,88,65,53,12,56,4.72,18.2,4.82,3.69,7.98,4.6,5.08,84.67,Census Tract 101; Baltimore city; Maryland,152969,78617.0,121,2562,1924,16,1908,1048,481,218,127,2282,370900,2105,1138,206
Census Tract 102; Baltimore city; Maryland,94.0,72.6,0.6,87.2,98.3,2853,134,2853,24,510,10200,117243,149,2857,1010,321,313100,2211,99,1430,43,2049,2867,31.9,271,48,396,2542,66,75,2452,60,53,65,250,75,4,30,5.22,6.92,2.1,3.45,4.7,12.12,2.62,75.88,Census Tract 102; Baltimore city; Maryland,117243,69363.0,149,2857,2085,13,2072,1024,457,148,103,2385,313100,2211,1010,321
Census Tract 103; Baltimore city; Maryland,97.6,81.8,1.9,82.9,100.0,2058,91,2058,24,510,10300,152248,134,2075,702,280,338900,2635,170,1152,10,1722,2075,31.6,147,0,155,1996,84,40,1763,0,86,182,62,17,10,12,6.46,14.76,0.58,4.86,4.42,0.0,1.93,71.49,Census Tract 103; Baltimore city; Maryland,152248,83318.0,134,2075,1742,33,1709,806,366,217,56,1766,338900,2635,702,280
Census Tract 104; Baltimore city; Maryland,94.6,81.1,6.4,87.8,96.9,2932,215,2932,24,510,10400,132012,94,2961,963,581,385600,2055,205,1749,46,1940,2961,36.1,207,0,207,2607,0,112,2174,182,343,142,221,133,34,0,3.17,11.72,2.37,3.3,7.33,0.0,3.78,62.37,Census Tract 104; Baltimore city; Maryland,132012,110654.0,94,2961,2081,133,1948,908,701,317,117,2518,385600,2055,963,581
Census Tract 105; Baltimore city; Maryland,94.6,73.0,3.8,89.5,92.8,1896,208,1896,24,510,10500,108011,213,1896,438,392,396700,1466,148,978,19,1122,1914,32.0,250,73,369,1769,119,136,1354,116,273,22,69,76,9,14,11.23,15.13,1.69,4.89,10.97,19.78,7.11,52.77,Census Tract 105; Baltimore city; Maryland,108011,60969.0,213,1896,1171,45,1126,479,340,49,150,1394,396700,1466,438,392
Census Tract 201; Baltimore city; Maryland,97.6,81.9,1.5,84.1,98.5,1681,113,1681,24,510,20100,108901,174,1698,491,370,310500,1791,155,1016,21,1306,1698,31.2,103,6,109,1652,62,97,1122,237,239,70,10,36,18,22,10.25,15.26,1.61,5.86,6.72,5.5,5.71,57.03,Census Tract 201; Baltimore city; Maryland,108901,73287.0,174,1698,1317,20,1297,571,261,156,63,1284,310500,1791,491,370
Census Tract 202; Baltimore city; Maryland,96.8,66.1,2.2,73.6,96.0,1480,140,1480,24,510,20200,87917,241,1454,369,422,342600,1511,161,952,32,1016,1480,33.4,103,7,133,1457,58,84,905,226,195,80,7,16,0,14,16.57,16.91,3.15,6.49,9.46,5.26,5.68,46.65,Census Tract 202; Baltimore city; Maryland,87917,59919.0,241,1454,1045,23,1022,447,229,71,48,1202,342600,1511,369,422
Census Tract 203; Baltimore city; Maryland,98.8,75.5,1.1,86.9,98.9,3824,221,3824,24,510,20300,107895,338,3824,624,1812,416900,2073,412,2848,74,2982,3824,34.6,88,0,119,3736,31,340,2845,369,143,324,21,67,77,45,8.84,14.47,2.48,2.59,5.78,0.0,8.89,25.62,Census Tract 203; Baltimore city; Maryland,107895,94521.0,338,3824,3031,33,2998,1304,715,348,254,3470,416900,2073,624,1812
Census Tract 301; Baltimore city; Maryland,79.9,22.0,21.0,68.2,96.6,1709,265,1709,24,510,30100,35798,849,1709,132,758,249000,-666666666,268,1158,28,620,1709,36.6,7,0,375,1571,258,16,239,1425,16,17,96,42,28,36,49.68,23.14,4.52,5.65,15.51,0.0,0.94,14.83,Census Tract 301; Baltimore city; Maryland,35798,33298.0,849,1709,785,165,620,226,46,0,0,1237,249000,-666666666,132,758
Census Tract 302; Baltimore city; Maryland,93.7,61.7,2.9,87.7,98.7,2706,374,2706,24,510,30200,114630,428,2706,679,725,437300,1843,142,1546,139,1839,2715,38.1,26,5,190,2665,68,102,1583,611,195,220,0,50,34,12,15.82,9.18,7.56,3.65,13.82,2.63,3.76,48.36,Census Tract 302; Baltimore city; Maryland,114630,79473.0,428,2706,1911,56,1855,667,402,123,257,2349,437300,1843,679,725
Census Tract 401; Baltimore city; Maryland,97.7,71.6,3.3,77.6,94.8,5800,725,5800,24,510,40100,67277,869,5901,146,4047,312500,1665,584,4777,513,4363,5901,31.4,67,0,313,5724,67,632,2079,2242,576,758,67,110,0,0,14.73,12.23,11.76,1.63,12.5,0.0,10.71,3.48,Census Tract 401; Baltimore city; Maryland,67277,61404.0,869,5901,4452,145,4307,1833,902,660,158,4962,312500,1665,146,4047
Census Tract 402; Baltimore city; Maryland,99.3,58.9,2.9,69.5,98.0,1281,51,1281,24,510,40200,40625,350,723,14,392,-666666666,1416,67,473,60,549,1281,23.7,17,0,138,1199,79,104,500,484,62,104,65,17,4,0,48.41,14.16,10.93,7.65,3.98,0.0,8.12,3.45,Census Tract 402; Baltimore city; Maryland,40625,23372.0,350,723,586,17,569,138,122,45,26,562,-666666666,1416,14,392
Census Tract 601; Baltimore city; Maryland,86.7,51.4,2.9,56.3,88.2,2935,232,2935,24,510,60100,63417,584,2935,747,396,253500,1774,254,1397,55,1476,2935,31.8,370,90,510,2716,289,308,935,1068,510,31,134,85,194,130,19.9,18.18,3.73,3.01,7.9,17.65,10.49,65.35,Census Tract 601; Baltimore city; Maryland,63417,35006.0,584,2935,1520,44,1476,552,354,119,36,2063,253500,1774,747,396
Census Tract 602; Baltimore city; Maryland,90.5,41.8,9.5,82.0,93.8,2565,376,2565,24,510,60200,68417,652,2575,519,564,230100,1642,272,1355,82,1234,2578,34.4,201,0,408,2488,444,98,936,1006,350,152,39,51,35,24,25.32,20.07,6.65,3.66,14.66,0.0,3.8,47.92,Census Tract 602; Baltimore city; Maryland,68417,49467.0,652,2575,1405,134,1271,424,294,78,13,1936,230100,1642,519,564
Census Tract 603; Baltimore city; Maryland,96.2,67.2,4.0,80.4,97.0,1480,68,1480,24,510,60300,102946,130,1489,413,306,280700,1516,150,869,59,1010,1493,32.4,189,0,231,1359,60,133,787,281,277,65,117,17,0,9,8.73,17.26,5.84,6.55,4.59,0.0,8.91,57.44,Census Tract 603; Baltimore city; Maryland,102946,58722.0,130,1489,1045,42,1003,441,211,74,65,1177,280700,1516,413,306
Census Tract 604; Baltimore city; Maryland,87.8,56.6,10.3,63.2,97.5,1894,294,1894,24,510,60400,44735,490,1849,262,618,226600,1446,88,968,45,844,1894,30.9,160,0,181,1830,136,193,960,590,45,231,0,64,5,4,26.5,9.09,5.33,5.15,15.52,0.0,10.19,29.77,Census Tract 604; Baltimore city; Maryland,44735,31721.0,490,1849,968,100,868,331,167,219,85,1416,226600,1446,262,618
Census Tract 701; Baltimore city; Maryland,84.2,4.9,7.5,67.3,90.2,2555,519,2555,24,510,70100,54506,859,2571,355,358,92100,1358,367,1080,221,761,2571,30.4,164,0,580,2335,489,134,34,2151,224,0,212,24,6,24,33.41,33.98,29.04,3.53,20.31,0.0,5.21,49.79,Census Tract 701; Baltimore city; Maryland,54506,20495.0,859,2571,805,60,745,34,33,0,2,1414,92100,1358,355,358
Census Tract 702; Baltimore city; Maryland,69.3,12.9,9.4,69.8,95.6,3229,691,3229,24,510,70200,36818,1271,3229,431,561,82400,1389,411,1403,311,1067,3229,28.5,275,283,1062,3061,820,365,128,2295,312,17,135,33,4,17,39.36,29.29,29.15,2.96,21.4,26.65,11.3,43.45,Census Tract 702; Baltimore city; Maryland,36818,18726.0,1271,3229,1178,111,1067,136,62,11,15,1743,82400,1389,431,561
Census Tract 703; Baltimore city; Maryland,90.2,26.2,9.7,79.2,90.0,1120,201,1120,24,510,70300,48083,237,1120,123,248,194300,1153,113,484,57,496,1120,30.5,0,7,127,1023,105,14,72,874,13,1,39,58,0,0,21.16,23.35,11.49,8.04,17.95,5.51,1.25,33.15,Census Tract 703; Baltimore city; Maryland,48083,28449.0,237,1120,556,54,502,136,48,19,13,824,194300,1153,123,248
Census Tract 704; Baltimore city; Maryland,82.6,36.3,16.3,41.4,98.1,1589,183,1589,24,510,70400,25000,435,1581,33,731,177100,1193,60,824,132,531,1589,32.1,108,0,279,1518,226,176,108,1138,84,219,28,43,0,54,27.51,7.28,24.86,6.17,11.52,0.0,11.08,4.32,Census Tract 704; Baltimore city; Maryland,25000,18735.0,435,1581,693,113,580,229,61,33,87,1130,177100,1193,33,731
Census Tract 801.01; Baltimore city; Maryland,92.6,44.7,1.6,78.2,93.1,3725,471,3725,24,510,80101,72694,409,3713,944,449,222200,1211,167,1560,219,2004,3752,37.6,317,10,659,3630,686,28,1133,2218,280,15,55,67,38,25,11.02,10.71,10.93,2.5,12.64,1.52,0.75,67.77,Census Tract 801.01; Baltimore city; Maryland,72694,37594.0,409,3713,2037,33,2004,506,499,35,77,2501,222200,1211,944,449
Census Tract 801.02; Baltimore city; Maryland,79.4,10.2,13.6,67.9,97.3,1803,455,1803,24,510,80102,30440,735,1803,310,353,99000,1159,227,890,165,475,1804,36.2,0,180,278,1756,359,41,57,1702,5,0,21,27,0,8,40.77,25.51,34.74,5.4,25.24,64.75,2.27,46.76,Census Tract 801.02; Baltimore city; Maryland,30440,20451.0,735,1803,550,75,475,64,58,0,0,1200,99000,1159,310,353
Census Tract 802; Baltimore city; Maryland,78.0,22.3,7.8,42.2,98.8,757,292,757,24,510,80200,48631,292,757,230,118,69100,-666666666,262,610,83,255,757,56.5,0,0,68,757,107,0,3,745,9,0,0,0,11,11,38.57,42.95,32.55,13.05,38.57,0.0,0.0,66.09,Census Tract 802; Baltimore city; Maryland,48631,25234.0,292,757,307,24,283,93,43,0,0,610,69100,-666666666,230,118
Census Tract 803.01; Baltimore city; Maryland,74.7,10.7,12.1,49.7,88.6,2140,495,2140,24,510,80301,43355,458,2070,312,407,68800,1153,311,1030,169,762,2140,29.9,215,0,422,1987,395,99,4,1912,224,0,112,41,0,40,22.13,30.19,22.18,4.14,23.13,0.0,4.63,43.39,Census Tract 803.01; Baltimore city; Maryland,43355,23177.0,458,2070,887,107,780,116,18,5,0,1295,68800,1153,312,407
Census Tract 803.02; Baltimore city; Maryland,84.0,18.9,12.3,43.3,91.2,1988,458,1988,24,510,80302,45727,301,1969,531,371,105400,1148,259,1161,88,633,1988,50.4,114,0,238,1988,306,0,118,1820,0,0,0,0,35,22,15.29,22.31,13.9,4.59,23.04,0.0,0.0,58.87,Census Tract 803.02; Baltimore city; Maryland,45727,24371.0,301,1969,740,91,649,67,190,30,0,1515,105400,1148,531,371
Census Tract 804; Baltimore city; Maryland,83.2,19.4,11.0,68.0,97.4,1027,217,1027,24,510,80400,36029,198,1027,160,296,-666666666,1293,230,686,73,461,1027,32.4,47,0,225,962,217,24,34,985,0,8,18,47,11,13,19.28,33.53,15.84,9.48,21.13,0.0,2.34,35.09,Census Tract 804; Baltimore city; Maryland,36029,23742.0,198,1027,608,67,541,68,65,0,0,684,-666666666,1293,160,296
Census Tract 805; Baltimore city; Maryland,76.1,3.1,15.8,67.6,96.2,1446,416,1446,24,510,80500,25529,629,1446,251,276,46500,1279,179,706,53,452,1446,42.8,0,53,141,1361,165,0,139,1240,0,0,63,22,0,16,43.5,25.35,11.73,6.65,28.77,37.59,0.0,47.63,Census Tract 805; Baltimore city; Maryland,25529,16609.0,629,1446,537,85,452,24,6,0,0,970,46500,1279,251,276
Census Tract 806; Baltimore city; Maryland,82.0,14.0,11.2,48.9,94.6,1302,341,1302,24,510,80600,37596,407,1244,210,381,-666666666,1071,590,1181,101,462,1302,45.2,6,0,186,1302,263,0,29,1189,67,0,0,0,16,7,32.72,49.96,21.86,7.27,26.19,0.0,0.0,35.53,Census Tract 806; Baltimore city; Maryland,37596,20234.0,407,1244,520,58,462,113,20,0,0,947,-666666666,1071,210,381
Census Tract 807; Baltimore city; Maryland,91.5,38.0,10.9,72.3,82.9,1077,90,1077,24,510,80700,50962,342,1077,177,159,199000,1629,261,597,44,488,1077,31.5,173,18,334,993,234,105,57,849,73,12,66,18,0,8,31.75,43.72,9.02,7.7,8.36,5.39,9.75,52.68,Census Tract 807; Baltimore city; Maryland,50962,23187.0,342,1077,548,60,488,218,47,0,0,698,199000,1629,177,159
Census Tract 808; Baltimore city; Maryland,89.8,22.0,6.7,68.4,92.0,2147,572,2147,24,510,80800,66000,690,2094,226,530,247000,956,134,890,245,869,2147,29.1,110,26,493,1994,406,66,116,1838,133,0,114,39,0,7,32.95,15.06,28.19,4.29,26.64,5.27,3.07,29.89,Census Tract 808; Baltimore city; Maryland,66000,29348.0,690,2094,939,63,876,176,51,55,12,1335,247000,956,226,530
Census Tract 901; Baltimore city; Maryland,93.4,26.3,8.1,66.0,97.3,3770,620,3770,24,510,90100,59701,654,3770,886,753,149100,1107,311,1950,279,1889,3770,39.1,171,127,815,3639,692,133,383,3184,55,20,37,94,21,87,17.35,15.95,14.77,2.58,16.45,15.58,3.53,54.06,Census Tract 901; Baltimore city; Maryland,59701,30231.0,654,3770,2116,172,1944,329,305,11,31,2575,149100,1107,886,753
Census Tract 902; Baltimore city; Maryland,94.0,49.5,6.6,79.4,97.4,3384,446,3384,24,510,90200,91083,496,3352,1206,132,240600,1383,54,1392,93,1509,3443,42.7,523,41,610,3264,516,58,801,2171,150,0,75,104,215,110,14.8,3.88,6.16,2.88,13.18,6.72,1.68,90.13,Census Tract 902; Baltimore city; Maryland,91083,43105.0,496,3352,1616,107,1509,702,497,51,61,2647,240600,1383,1206,132
Census Tract 903; Baltimore city; Maryland,83.0,36.4,7.8,67.7,96.8,4940,938,4940,24,510,90300,63371,1643,4955,951,1124,174300,1024,195,2270,347,2098,4955,36.7,195,0,951,4636,984,111,752,4029,57,79,286,33,54,7,33.16,8.59,16.54,1.96,18.99,0.0,2.24,45.83,Census Tract 903; Baltimore city; Maryland,63371,29457.0,1643,4955,2285,179,2106,494,537,143,76,3432,174300,1024,951,1124
Census Tract 904; Baltimore city; Maryland,78.2,10.1,5.5,44.2,87.0,1147,364,1147,24,510,90400,36680,317,1099,151,466,120800,1086,190,807,67,503,1147,44.3,8,0,52,1081,72,5,151,854,86,0,48,18,52,7,28.84,23.54,13.32,7.59,31.73,0.0,0.44,24.47,Census Tract 904; Baltimore city; Maryland,36680,27951.0,317,1099,545,30,515,34,64,0,0,974,120800,1086,151,466
Census Tract 905; Baltimore city; Maryland,91.1,28.9,11.4,70.7,89.6,1426,298,1426,24,510,90500,55500,321,1426,303,267,163000,1556,174,744,111,679,1426,36.9,109,5,175,1375,189,73,246,993,0,35,32,19,15,34,22.51,23.39,16.35,6.28,20.9,2.86,5.12,53.16,Census Tract 905; Baltimore city; Maryland,55500,27124.0,321,1426,780,89,691,168,148,5,11,1147,163000,1556,303,267
Census Tract 906; Baltimore city; Maryland,89.3,13.1,19.8,40.8,93.6,2685,426,2685,24,510,90600,58897,518,2685,371,462,143400,1598,364,1197,228,932,2696,29.5,142,20,542,2433,598,10,43,2574,10,1,115,148,0,22,19.29,30.41,24.46,3.49,15.87,3.69,0.37,44.54,Census Tract 906; Baltimore city; Maryland,58897,24114.0,518,2685,1244,246,998,93,111,0,0,1552,143400,1598,371,462
Census Tract 907; Baltimore city; Maryland,82.1,10.2,22.6,42.1,90.6,2849,559,2849,24,510,90700,36859,1067,2849,530,430,78700,1439,474,1434,175,957,2849,33.4,218,0,614,2454,287,52,11,2769,0,0,348,47,8,13,37.45,33.05,18.29,3.18,19.62,0.0,1.83,55.21,Census Tract 907; Baltimore city; Maryland,36859,19002.0,1067,2849,1236,279,957,147,17,0,0,1607,78700,1439,530,430
Census Tract 908; Baltimore city; Maryland,69.9,8.3,13.9,48.9,88.9,1944,413,1944,24,510,90800,29574,647,1944,389,466,58500,1374,415,1270,179,640,1944,50.3,36,51,221,1872,202,128,31,1821,0,40,21,51,20,31,33.28,32.68,27.97,4.57,21.24,23.08,6.58,45.5,Census Tract 908; Baltimore city; Maryland,29574,19188.0,647,1944,764,106,658,12,52,0,53,1403,58500,1374,389,466
Census Tract 909; Baltimore city; Maryland,82.6,9.9,8.3,49.0,97.8,2166,591,2166,24,510,90900,34362,583,2190,220,674,119400,1032,507,1401,84,686,2190,29.4,144,0,567,1986,585,9,38,2152,0,0,79,125,34,11,26.62,36.19,12.24,4.52,27.29,0.0,0.41,24.61,Census Tract 909; Baltimore city; Maryland,34362,22231.0,583,2190,769,64,705,110,17,0,0,1288,119400,1032,220,674
Census Tract 1001; Baltimore city; Maryland,76.7,10.8,18.2,40.1,98.0,1536,579,1536,24,510,100100,30769,431,1536,324,494,103900,426,205,1023,80,489,1541,49.3,0,0,41,1501,69,9,48,1433,51,9,16,24,43,68,28.06,20.04,16.36,6.38,37.7,0.0,0.58,39.61,Census Tract 1001; Baltimore city; Maryland,30769,22087.0,431,1536,616,112,504,125,17,0,0,1312,103900,426,324,494
Census Tract 1002; Baltimore city; Maryland,74.4,4.0,7.1,49.0,89.9,2307,545,2307,24,510,100200,22529,1215,2307,97,951,118400,411,124,1172,274,567,2715,39.4,128,34,749,2519,553,209,68,2590,20,0,110,86,13,41,52.67,10.58,48.32,3.9,23.62,4.54,7.7,9.26,Census Tract 1002; Baltimore city; Maryland,22529,14050.0,1215,2307,630,45,585,31,7,0,34,1802,118400,411,97,951
Census Tract 1003; Baltimore city; Maryland,60.6,0.3,-666666666.0,-666666666.0,-666666666.0,0,0,0,24,510,100300,-666666666,0,0,0,0,-666666666,-666666666,0,0,0,0,1999,31.0,0,0,0,1999,0,42,277,1476,112,46,0,0,9,0,,,,-inf,,,2.1,,Census Tract 1003; Baltimore city; Maryland,-666666666,6605.0,0,0,0,0,0,5,0,0,0,1555,-666666666,-666666666,0,0
Census Tract 1101; Baltimore city; Maryland,98.2,75.5,3.9,70.4,93.1,2737,262,2737,24,510,110100,61103,413,2757,285,1639,159900,1524,308,2232,464,2034,2757,30.7,24,0,41,2718,0,418,1770,618,98,90,20,19,0,0,14.98,13.8,22.81,3.4,9.57,0.0,15.16,14.81,Census Tract 1101; Baltimore city; Maryland,61103,53160.0,413,2757,2172,85,2087,826,597,86,193,2254,159900,1524,285,1639
Census Tract 1102; Baltimore city; Maryland,93.7,66.1,2.7,67.0,97.6,6132,1016,6132,24,510,110200,70919,1190,5974,618,3495,302200,1262,449,4562,683,4121,6135,36.4,371,42,413,6001,221,399,2832,1726,365,454,38,96,67,153,19.92,9.84,16.57,1.59,16.57,10.17,6.5,15.03,Census Tract 1102; Baltimore city; Maryland,70919,55859.0,1190,5974,4237,116,4121,1491,1044,550,323,5159,302200,1262,618,3495
Census Tract 1201; Baltimore city; Maryland,100.0,83.4,4.3,75.9,99.0,4291,488,4291,24,510,120100,94236,423,4312,1200,1242,466700,1405,273,2715,127,2846,4312,53.0,381,0,425,4132,191,691,2301,634,430,722,72,108,126,59,9.81,10.06,4.46,2.31,11.37,0.0,16.03,49.14,Census Tract 1201; Baltimore city; Maryland,94236,93432.0,423,4312,2972,129,2843,825,1102,507,544,3572,466700,1405,1200,1242
Census Tract 1202.01; Baltimore city; Maryland,98.3,83.3,2.6,83.9,97.1,1954,127,1954,24,510,120201,102083,237,1951,451,424,335000,1679,71,946,117,1184,1962,33.8,215,12,282,1874,220,99,1313,251,186,83,43,45,12,8,12.15,7.51,9.88,4.97,6.5,4.26,5.05,51.54,Census Tract 1202.01; Baltimore city; Maryland,102083,61883.0,237,1951,1227,32,1195,420,326,124,208,1294,335000,1679,451,424
Census Tract 1202.02; Baltimore city; Maryland,99.2,86.0,12.2,78.0,93.9,4889,227,4889,24,510,120202,28352,909,2378,365,1227,278600,1215,281,1873,206,1941,4908,21.0,0,0,0,4908,24,658,2149,463,561,1380,0,0,29,13,38.23,15.0,10.61,1.92,4.64,,13.41,22.93,Census Tract 1202.02; Baltimore city; Maryland,28352,17617.0,909,2378,2247,275,1972,615,576,110,184,1727,278600,1215,365,1227
Census Tract 1203; Baltimore city; Maryland,88.8,54.9,5.4,71.3,95.3,3954,559,3954,24,510,120300,70776,844,3954,696,846,273400,1151,173,1715,370,2160,3954,33.1,299,100,542,3633,444,136,1536,1854,229,54,237,84,22,9,21.35,10.09,17.13,2.41,14.14,18.45,3.44,45.14,Census Tract 1203; Baltimore city; Maryland,70776,38047.0,844,3954,2356,128,2228,779,535,87,187,2891,273400,1151,696,846
Census Tract 1204; Baltimore city; Maryland,93.1,45.6,6.4,75.7,91.0,1584,213,1584,24,510,120400,51700,405,1590,285,479,327200,1099,174,938,176,872,1590,35.1,34,42,291,1514,276,12,471,1047,25,12,68,8,0,9,25.47,18.55,20.18,5.74,13.45,14.43,0.75,37.3,Census Tract 1204; Baltimore city; Maryland,51700,37937.0,405,1590,925,59,866,251,178,85,28,1189,327200,1099,285,479
Census Tract 1205; Baltimore city; Maryland,91.4,55.7,4.2,78.1,98.7,2237,312,2237,24,510,120500,56776,384,2216,465,765,334400,1354,211,1441,230,1486,2266,32.9,115,4,203,2121,170,96,766,1181,54,148,43,102,8,0,17.33,14.64,15.48,4.41,13.95,1.97,4.24,37.8,Census Tract 1205; Baltimore city; Maryland,56776,47762.0,384,2216,1561,66,1495,451,353,140,70,1819,334400,1354,465,765
Census Tract 1206; Baltimore city; Maryland,87.1,49.1,11.4,65.6,92.6,2593,660,2593,24,510,120600,30887,704,2593,243,1357,299400,947,285,1885,417,1294,2805,36.0,221,42,263,2673,55,83,1195,1203,156,107,84,48,12,19,27.15,15.12,32.23,3.57,25.45,15.97,2.96,15.19,Census Tract 1206; Baltimore city; Maryland,30887,29606.0,704,2593,1559,178,1381,687,364,4,81,2314,299400,947,243,1357
Census Tract 1207; Baltimore city; Maryland,94.2,60.1,8.2,69.7,92.3,1966,243,1966,24,510,120700,68929,266,1966,492,514,228900,1580,133,1139,154,1175,1966,31.7,172,20,233,1925,61,132,1321,119,258,227,16,25,26,14,13.53,11.68,13.11,4.69,12.36,8.58,6.71,48.91,Census Tract 1207; Baltimore city; Maryland,68929,43922.0,266,1966,1356,111,1245,513,391,58,20,1635,228900,1580,492,514
Census Tract 1301; Baltimore city; Maryland,84.9,24.4,6.6,47.1,90.7,3040,691,3040,24,510,130100,30048,868,3040,271,1461,358900,1073,171,1903,467,1458,3044,38.6,266,0,350,2919,293,84,226,2642,19,0,114,11,16,91,28.55,8.99,32.03,2.98,22.73,0.0,2.76,15.65,Census Tract 1301; Baltimore city; Maryland,30048,29397.0,868,3040,1561,103,1458,297,232,23,22,2350,358900,1073,271,1461
Census Tract 1302; Baltimore city; Maryland,91.6,36.4,8.3,74.2,94.7,2390,330,2390,24,510,130200,66795,183,2390,534,667,339800,1130,227,1428,214,1362,2396,45.2,71,40,209,2274,126,42,631,1690,0,6,0,122,27,32,7.66,15.9,15.71,3.96,13.81,19.14,1.75,44.46,Census Tract 1302; Baltimore city; Maryland,66795,48916.0,183,2390,1516,126,1390,311,294,10,80,1907,339800,1130,534,667
Census Tract 1303; Baltimore city; Maryland,82.3,18.8,1.7,55.4,91.2,1844,395,1844,24,510,130300,49063,360,1844,292,563,148100,1270,407,1262,265,911,1844,38.4,177,0,387,1782,325,9,127,1600,13,21,0,62,0,31,19.52,32.25,29.09,4.95,21.42,0.0,0.49,34.15,Census Tract 1303; Baltimore city; Maryland,49063,28234.0,360,1844,927,16,911,136,71,19,10,1255,148100,1270,292,563
Census Tract 1304; Baltimore city; Maryland,86.0,12.8,6.8,38.7,94.7,2081,566,2081,24,510,130400,45192,530,2088,256,462,112700,1115,374,1092,226,742,2092,39.0,10,0,181,2047,519,4,75,1943,59,7,10,35,8,22,25.38,34.25,30.46,4.55,27.2,0.0,0.19,35.65,Census Tract 1304; Baltimore city; Maryland,45192,22522.0,530,2088,789,54,735,112,57,0,8,1380,112700,1115,256,462
Census Tract 1306; Baltimore city; Maryland,97.2,72.2,1.3,88.9,99.2,3774,264,3774,24,510,130600,101333,234,3748,1104,738,279800,2071,167,2009,114,2716,3774,34.4,335,22,357,3519,132,177,3290,30,127,188,104,151,18,0,6.24,8.31,4.2,2.63,7.0,6.16,4.69,59.93,Census Tract 1306; Baltimore city; Maryland,101333,60539.0,234,3748,2760,35,2725,1177,650,349,160,3234,279800,2071,1104,738
Census Tract 1307; Baltimore city; Maryland,91.3,67.5,4.3,81.3,96.6,4603,793,4603,24,510,130700,83789,500,4614,1270,1365,300300,1487,225,2860,167,2738,4715,39.2,309,38,427,4443,155,320,3516,449,293,252,183,89,56,35,10.84,7.87,6.1,2.1,17.23,8.9,6.79,48.2,Census Tract 1307; Baltimore city; Maryland,83789,56543.0,500,4614,2863,124,2739,1008,1044,323,412,4129,300300,1487,1270,1365
Census Tract 1308.03; Baltimore city; Maryland,91.0,46.5,0.7,66.2,96.0,2352,201,2352,24,510,130803,76841,156,2352,689,602,230800,1350,54,1345,110,1619,2352,37.4,289,15,317,2233,28,220,1422,98,223,380,51,68,32,28,6.63,4.01,6.79,4.08,8.55,4.73,9.35,53.37,Census Tract 1308.03; Baltimore city; Maryland,76841,46136.0,156,2352,1631,12,1619,508,184,77,91,1850,230800,1350,689,602
Census Tract 1308.04; Baltimore city; Maryland,93.7,60.2,3.4,81.8,95.2,1530,159,1530,24,510,130804,70026,172,1530,479,412,251700,1606,56,947,70,1076,1530,37.7,48,0,107,1508,96,59,1213,142,56,64,11,11,15,10,11.24,5.91,6.51,6.22,10.39,0.0,3.86,53.76,Census Tract 1308.04; Baltimore city; Maryland,70026,55290.0,172,1530,1114,38,1076,352,304,78,92,1371,251700,1606,479,412
Census Tract 1308.05; Baltimore city; Maryland,91.3,39.1,13.9,71.4,95.1,1099,264,1099,24,510,130805,61983,156,1099,356,238,171400,725,40,634,71,461,1099,58.0,43,0,91,1080,80,16,162,740,76,23,6,13,32,31,14.19,6.31,15.4,8.65,24.02,0.0,1.46,59.93,Census Tract 1308.05; Baltimore city; Maryland,61983,47459.0,156,1099,553,77,476,153,159,40,25,963,171400,725,356,238
Census Tract 1308.06; Baltimore city; Maryland,87.1,58.1,6.0,83.1,92.1,1546,199,1546,24,510,130806,106118,185,1546,485,221,236100,1756,61,767,112,998,1726,43.6,159,9,202,1679,147,31,1328,212,53,53,18,29,0,21,11.97,7.95,11.22,5.96,12.87,4.46,1.8,68.7,Census Tract 1308.06; Baltimore city; Maryland,106118,52804.0,185,1546,1073,64,1009,457,221,89,71,1442,236100,1756,485,221
Census Tract 1401; Baltimore city; Maryland,86.2,56.8,8.3,55.3,97.1,3853,604,3853,24,510,140100,63601,462,3196,599,1411,479300,1116,330,2340,119,1926,3853,47.6,162,0,162,3780,103,209,2132,1113,51,331,25,48,0,62,14.46,14.1,6.18,2.52,15.68,0.0,5.42,29.8,Census Tract 1401; Baltimore city; Maryland,63601,59580.0,462,3196,2138,177,1961,762,471,263,122,2849,479300,1116,599,1411
Census Tract 1402; Baltimore city; Maryland,90.5,15.2,41.3,65.2,89.1,2803,226,2803,24,510,140200,38384,1408,2803,399,700,333100,976,525,1624,302,608,2803,30.2,13,0,642,2567,550,108,224,2358,64,54,97,139,9,0,50.23,32.33,49.67,3.18,8.06,0.0,3.85,36.31,Census Tract 1402; Baltimore city; Maryland,38384,17446.0,1408,2803,1035,427,608,175,85,0,0,1710,333100,976,399,700
Census Tract 1403; Baltimore city; Maryland,84.8,22.0,10.5,39.6,95.0,1531,408,1531,24,510,140300,45086,227,1516,280,598,-666666666,1106,501,1379,88,694,1531,46.6,104,0,104,1469,101,52,173,1352,0,0,15,47,35,16,14.97,36.33,12.68,6.21,26.65,0.0,3.4,31.89,Census Tract 1403; Baltimore city; Maryland,45086,34537.0,227,1516,789,83,706,138,142,0,0,1274,-666666666,1106,280,598
Census Tract 1501; Baltimore city; Maryland,76.2,8.6,15.0,35.1,96.4,2199,570,2199,24,510,150100,29423,912,2199,508,536,99300,533,381,1425,224,715,2199,41.4,9,55,332,2072,334,0,113,2047,0,0,62,65,20,64,41.47,26.74,31.33,4.38,25.92,16.57,0.0,48.66,Census Tract 1501; Baltimore city; Maryland,29423,22765.0,912,2199,849,127,722,94,38,0,0,1532,99300,533,508,536
Census Tract 1502; Baltimore city; Maryland,60.5,1.6,16.2,32.6,89.3,2393,580,2393,24,510,150200,46120,645,2353,410,465,90900,-666666666,640,1515,256,631,2393,42.6,203,0,299,2342,359,0,0,2376,8,0,37,14,0,9,27.41,42.24,40.57,3.73,24.24,0.0,0.0,46.86,Census Tract 1502; Baltimore city; Maryland,46120,26061.0,645,2353,753,122,631,21,8,0,0,1792,90900,-666666666,410,465
Census Tract 1503; Baltimore city; Maryland,86.1,7.1,24.4,62.9,87.6,1284,526,1284,24,510,150300,20046,692,1284,346,163,64200,1549,443,952,193,438,1284,38.8,13,0,171,1270,223,53,22,1261,0,0,0,14,0,11,53.89,46.53,44.06,6.82,40.97,0.0,4.13,67.98,Census Tract 1503; Baltimore city; Maryland,20046,14313.0,692,1284,579,141,438,58,7,0,0,914,64200,1549,346,163
Census Tract 1504; Baltimore city; Maryland,84.2,13.5,14.6,39.1,93.2,3529,767,3529,24,510,150400,42266,499,3010,530,881,77900,957,500,1911,480,1443,3529,35.9,138,50,344,3477,379,118,117,3279,44,23,0,52,37,32,16.58,26.16,33.26,2.64,21.73,14.53,3.34,37.56,Census Tract 1504; Baltimore city; Maryland,42266,24232.0,499,3010,1708,250,1458,270,56,0,0,2410,77900,957,530,881
Census Tract 1505; Baltimore city; Maryland,85.2,19.8,7.7,41.4,97.7,1368,421,1368,24,510,150500,45357,391,1376,287,375,186500,891,95,757,141,498,1376,44.3,54,68,285,1279,200,38,47,1141,97,20,60,37,6,0,28.42,12.55,28.31,7.14,30.77,23.86,2.76,43.35,Census Tract 1505; Baltimore city; Maryland,45357,30945.0,391,1376,545,42,503,130,55,0,0,933,186500,891,287,375
Census Tract 1506; Baltimore city; Maryland,82.2,7.4,10.1,33.8,94.1,2840,821,2840,24,510,150600,28932,1121,2829,311,1028,-666666666,1016,510,1849,451,1008,2840,34.3,29,0,389,2728,414,24,32,2781,10,0,112,0,13,17,39.63,27.58,44.74,3.31,28.91,0.0,0.85,23.23,Census Tract 1506; Baltimore city; Maryland,28932,21836.0,1121,2829,1121,113,1008,107,26,0,0,1788,-666666666,1016,311,1028
Census Tract 1507.01; Baltimore city; Maryland,93.7,29.9,2.6,54.9,97.1,1901,297,1901,24,510,150701,57875,236,1901,440,190,259900,982,160,790,157,930,1901,37.0,165,16,296,1810,258,29,0,1860,0,0,0,91,0,51,12.41,20.25,16.88,5.11,15.62,5.41,1.53,69.84,Census Tract 1507.01; Baltimore city; Maryland,57875,32935.0,236,1901,955,25,930,220,137,21,32,1370,259900,982,440,190
Census Tract 1507.02; Baltimore city; Maryland,90.0,15.4,19.9,42.8,93.0,1737,584,1737,24,510,150702,47098,555,1695,510,217,135600,1387,215,942,71,624,1748,52.1,0,0,143,1616,100,0,0,1730,18,0,96,36,7,27,32.74,22.82,11.38,5.35,33.62,0.0,0.0,70.15,Census Tract 1507.02; Baltimore city; Maryland,47098,27327.0,555,1695,801,159,642,141,46,0,31,1414,135600,1387,510,217
Census Tract 1508; Baltimore city; Maryland,86.1,17.1,10.5,33.2,89.3,5142,984,5142,24,510,150800,51888,916,5117,897,1117,202300,1090,477,2491,292,1997,5176,33.1,184,45,601,4754,779,113,69,4622,134,0,252,170,97,50,17.9,19.15,14.62,1.74,19.14,7.49,2.18,44.54,Census Tract 1508; Baltimore city; Maryland,51888,23791.0,916,5117,2272,238,2034,404,155,31,19,3557,202300,1090,897,1117
Census Tract 1509; Baltimore city; Maryland,91.6,27.2,4.8,54.0,97.3,3029,287,3029,24,510,150900,65156,465,3029,871,348,163000,1106,479,1698,133,1124,3029,31.3,536,50,647,2543,220,34,23,2341,544,0,255,231,25,58,15.35,28.21,11.83,3.21,9.48,7.73,1.12,71.45,Census Tract 1509; Baltimore city; Maryland,65156,30639.0,465,3029,1288,62,1226,356,107,96,0,2053,163000,1106,871,348
Census Tract 1510; Baltimore city; Maryland,81.5,12.8,14.5,42.3,91.4,6054,1270,6054,24,510,151000,49697,1238,6054,1144,780,213300,1193,351,2275,669,2317,6166,40.9,74,214,722,5817,809,69,241,5470,374,0,128,221,105,36,20.45,15.43,28.87,1.51,20.98,29.64,1.12,59.46,Census Tract 1510; Baltimore city; Maryland,49697,25987.0,1238,6054,2765,401,2364,343,152,34,29,4356,213300,1193,1144,780
Census Tract 1511; Baltimore city; Maryland,90.3,29.6,7.3,48.0,92.9,6339,1353,6339,24,510,151100,59264,1092,6339,2186,611,189800,1153,111,2908,499,3366,6350,52.9,74,0,188,6281,222,55,159,5956,135,20,69,0,89,0,17.23,3.82,14.82,1.47,21.34,0.0,0.87,78.16,Census Tract 1511; Baltimore city; Maryland,59264,43942.0,1092,6339,3632,266,3366,941,587,108,0,5519,189800,1153,2186,611
Census Tract 1512; Baltimore city; Maryland,80.2,15.1,11.0,33.4,94.2,3260,936,3260,24,510,151200,29292,924,3260,562,1015,99400,373,444,2021,226,1023,3260,56.9,410,0,501,2998,346,59,183,3012,0,0,166,96,90,67,28.34,21.97,22.09,2.89,28.71,0.0,1.81,35.64,Census Tract 1512; Baltimore city; Maryland,29292,24945.0,924,3260,1149,126,1023,256,112,0,17,2550,99400,373,562,1015
Census Tract 1513; Baltimore city; Maryland,80.7,19.6,11.2,55.2,93.2,4487,1117,4487,24,510,151300,50341,918,4487,763,758,89000,988,593,2114,560,1813,4513,39.0,334,0,804,4200,551,104,178,3969,184,7,91,222,37,36,20.46,28.05,30.89,2.08,24.89,0.0,2.3,50.16,Census Tract 1513; Baltimore city; Maryland,50341,22432.0,918,4487,2094,234,1860,257,284,55,7,3069,89000,988,763,758
Census Tract 1601; Baltimore city; Maryland,72.9,9.7,4.9,32.3,99.3,2023,576,2023,24,510,160100,16915,921,2023,176,857,88100,-666666666,449,1482,234,544,2023,41.4,0,0,303,2006,468,21,95,1655,117,0,0,17,59,7,45.53,30.3,43.01,4.91,28.47,0.0,1.04,17.04,Census Tract 1601; Baltimore city; Maryland,16915,17765.0,921,2023,572,28,544,144,0,0,0,1485,88100,-666666666,176,857
Census Tract 1602; Baltimore city; Maryland,83.3,11.6,13.8,36.4,92.1,2132,445,2132,24,510,160200,35000,781,2132,337,579,118900,972,333,1249,122,828,2132,35.3,112,83,556,1898,357,9,50,2008,55,0,115,119,55,17,36.63,26.66,14.73,4.32,20.87,14.93,0.42,36.79,Census Tract 1602; Baltimore city; Maryland,35000,18093.0,781,2132,961,133,828,123,19,0,21,1410,118900,972,337,579
Census Tract 1603; Baltimore city; Maryland,85.1,4.0,21.3,35.9,98.6,1551,523,1551,24,510,160300,21943,545,1551,109,484,-666666666,925,255,848,16,398,1695,55.3,0,0,281,1659,367,71,67,1549,0,51,13,23,113,7,35.14,30.07,4.02,6.36,33.72,0.0,4.19,18.38,Census Tract 1603; Baltimore city; Maryland,21943,17767.0,545,1551,506,108,398,39,0,11,0,1249,-666666666,925,109,484
Census Tract 1604; Baltimore city; Maryland,82.5,8.0,14.4,25.7,95.0,1566,369,1566,24,510,160400,31484,711,1566,262,473,78100,1130,888,1623,56,422,1566,43.5,303,23,394,1471,346,0,18,1459,0,13,52,43,79,4,45.4,54.71,13.27,6.07,23.56,5.84,0.0,35.65,Census Tract 1604; Baltimore city; Maryland,31484,21949.0,711,1566,569,82,487,37,34,11,2,1047,78100,1130,262,473
Census Tract 1605; Baltimore city; Maryland,81.9,5.7,18.7,37.8,96.0,2885,536,2885,24,510,160500,39216,860,2885,807,595,82300,1095,579,1981,284,1065,2885,41.9,24,139,363,2866,465,39,0,2810,0,44,0,19,42,45,29.81,29.23,26.67,3.33,18.58,38.29,1.35,57.56,Census Tract 1605; Baltimore city; Maryland,39216,23224.0,860,2885,1310,245,1065,67,53,10,0,2273,82300,1095,807,595
Census Tract 1606; Baltimore city; Maryland,88.3,9.9,23.5,37.7,92.7,2458,603,2458,24,510,160600,38337,400,2458,495,664,92500,1139,634,1793,284,786,2478,44.9,33,0,127,2335,244,0,84,2326,0,0,93,50,29,52,16.27,35.36,36.13,3.77,24.53,0.0,0.0,42.71,Census Tract 1606; Baltimore city; Maryland,38337,22704.0,400,2458,1044,245,799,147,36,0,10,1955,92500,1139,495,664
Census Tract 1607; Baltimore city; Maryland,83.8,5.3,19.8,43.9,93.7,3711,576,3711,24,510,160700,44674,635,3711,718,762,77600,1302,772,2252,426,1374,3711,35.6,47,65,498,3350,468,0,0,3648,11,0,229,132,101,45,17.11,34.28,31.0,2.52,15.52,13.05,0.0,48.51,Census Tract 1607; Baltimore city; Maryland,44674,24473.0,635,3711,1759,349,1410,74,61,0,0,2544,77600,1302,718,762
Census Tract 1608.01; Baltimore city; Maryland,86.9,7.7,1.7,56.6,93.9,3131,476,3131,24,510,160801,48828,740,3131,741,433,123000,1123,108,1282,457,1198,3131,39.2,38,0,479,3101,706,95,40,2899,80,0,16,14,0,34,23.63,8.42,38.15,3.0,15.2,0.0,3.03,63.12,Census Tract 1608.01; Baltimore city; Maryland,48828,26345.0,740,3131,1271,22,1249,83,48,0,42,2250,123000,1123,741,433
Census Tract 1608.02; Baltimore city; Maryland,82.4,15.5,7.1,49.1,95.9,3264,580,3264,24,510,160802,53472,935,3264,621,417,126100,1645,233,1271,210,1094,3270,34.2,200,97,798,3129,897,36,12,3243,0,15,50,91,39,23,28.65,18.33,19.2,2.94,17.77,12.16,1.1,59.83,Census Tract 1608.02; Baltimore city; Maryland,53472,24549.0,935,3264,1197,85,1112,212,108,0,0,2058,126100,1645,621,417
Census Tract 1701; Baltimore city; Maryland,87.1,28.9,8.5,45.9,97.5,1780,276,1780,24,510,170100,38143,535,1780,80,802,195000,1117,98,980,131,818,1805,32.6,236,12,338,1668,246,21,323,1274,80,20,125,12,0,69,30.06,10.0,16.01,5.48,15.51,3.55,1.16,9.07,Census Tract 1701; Baltimore city; Maryland,38143,28026.0,535,1780,905,77,828,153,117,31,61,1253,195000,1117,80,802
Census Tract 1702; Baltimore city; Maryland,73.8,9.1,10.7,44.3,91.3,2457,525,2457,24,510,170200,14192,1333,2457,39,1277,284500,410,295,1611,420,833,2457,30.6,0,0,716,2257,566,70,141,2222,12,24,94,106,33,11,54.25,18.31,50.42,3.72,21.37,0.0,2.85,2.96,Census Tract 1702; Baltimore city; Maryland,14192,13453.0,1333,2457,933,100,833,16,107,14,0,1501,284500,410,39,1277
Census Tract 1703; Baltimore city; Maryland,78.3,16.0,13.8,47.8,93.9,2006,472,2006,24,510,170300,21895,725,2006,235,677,169600,734,305,1217,189,707,2006,36.5,46,8,398,1836,338,57,0,1882,77,0,52,118,37,23,36.14,25.06,26.73,4.68,23.53,2.01,2.84,25.77,Census Tract 1703; Baltimore city; Maryland,21895,22337.0,725,2006,828,114,714,127,70,0,0,1234,169600,734,235,677
Census Tract 1803; Baltimore city; Maryland,88.7,39.4,4.8,67.5,92.3,1841,259,1841,24,510,180300,57372,482,1813,177,707,209900,1309,272,1156,190,1049,1841,30.1,0,0,204,1650,176,177,576,1140,56,0,158,33,10,0,26.59,23.53,18.11,5.01,14.07,0.0,9.61,20.02,Census Tract 1803; Baltimore city; Maryland,57372,33826.0,482,1813,1124,54,1070,219,126,46,109,1269,209900,1309,177,707
Census Tract 1901; Baltimore city; Maryland,68.2,9.3,16.1,47.5,88.3,1819,388,1819,24,510,190100,27386,761,1819,198,585,131700,824,309,1092,112,593,1819,41.3,135,32,337,1752,236,130,90,1608,14,11,30,37,17,25,41.84,28.3,18.89,4.85,21.33,9.5,7.15,25.29,Census Tract 1901; Baltimore city; Maryland,27386,18072.0,761,1819,715,115,600,61,43,6,0,1189,131700,824,198,585
Census Tract 1902; Baltimore city; Maryland,96.0,28.5,0.9,67.1,97.9,1804,132,1804,24,510,190200,52000,198,1821,350,400,317100,1248,373,1123,326,1045,1821,39.2,242,25,389,1653,261,17,507,764,173,21,125,43,37,11,10.87,33.21,31.2,5.43,7.32,6.43,0.93,46.67,Census Tract 1902; Baltimore city; Maryland,52000,32440.0,198,1821,1041,9,1032,120,210,7,23,1262,317100,1248,350,400
Census Tract 1903; Baltimore city; Maryland,57.6,14.1,15.8,25.4,89.8,2095,632,2095,24,510,190300,-666666666,639,2067,165,674,74800,757,479,1318,191,571,2122,39.6,25,12,314,1945,255,77,562,1437,56,8,146,31,37,18,30.91,36.34,33.45,4.29,30.17,3.82,3.63,19.67,Census Tract 1903; Baltimore city; Maryland,-666666666,20867.0,639,2067,690,109,581,98,85,34,0,1543,74800,757,165,674
Census Tract 2001; Baltimore city; Maryland,78.1,2.4,15.8,58.5,79.0,1421,399,1421,24,510,200100,39844,431,1421,196,399,54700,1237,373,968,176,544,1437,40.5,48,0,188,1392,153,138,13,1337,34,0,35,10,8,0,30.33,38.53,32.35,5.56,28.08,0.0,9.6,32.94,Census Tract 2001; Baltimore city; Maryland,39844,29623.0,431,1421,646,102,544,9,18,0,0,1113,54700,1237,196,399
Census Tract 2002; Baltimore city; Maryland,88.0,9.8,11.4,45.3,99.5,1827,478,1827,24,510,200200,26551,724,1827,372,405,70600,1318,596,1373,93,557,1827,49.2,28,0,318,1761,164,0,74,1580,151,0,0,66,39,0,39.63,43.41,16.7,5.45,26.16,0.0,0.0,47.88,Census Tract 2002; Baltimore city; Maryland,26551,17230.0,724,1827,736,84,652,43,54,22,0,1219,70600,1318,372,405
Census Tract 2003; Baltimore city; Maryland,76.1,4.2,7.7,40.9,92.4,1025,376,1025,24,510,200300,35000,443,1010,188,252,59200,1320,432,872,72,326,1025,43.4,0,0,137,982,73,24,318,605,0,19,0,43,40,21,43.86,49.54,22.09,9.01,36.68,0.0,2.34,42.73,Census Tract 2003; Baltimore city; Maryland,35000,20599.0,443,1010,375,29,346,34,2,0,0,861,59200,1320,188,252
Census Tract 2004; Baltimore city; Maryland,61.1,5.5,17.7,31.5,93.4,1188,250,1188,24,510,200400,39565,320,1188,144,304,52800,992,401,849,114,376,1188,47.0,0,32,252,1111,246,9,72,1015,36,9,21,56,0,12,26.94,47.23,30.32,7.86,21.04,12.7,0.76,32.14,Census Tract 2004; Baltimore city; Maryland,39565,27323.0,320,1188,468,83,385,30,16,0,0,832,52800,992,144,304
Census Tract 2005; Baltimore city; Maryland,65.7,3.0,13.8,37.0,89.1,1989,640,1989,24,510,200500,28995,919,2002,256,674,-666666666,1136,532,1462,69,857,2002,49.3,55,0,348,1978,319,261,400,1304,261,0,0,24,19,45,45.9,36.39,8.05,4.48,32.18,0.0,13.04,27.53,Census Tract 2005; Baltimore city; Maryland,28995,27641.0,919,2002,1000,138,862,16,0,30,0,1558,-666666666,1136,256,674
Census Tract 2006; Baltimore city; Maryland,88.0,10.4,14.5,65.3,90.1,2387,496,2387,24,510,200600,43869,514,2367,432,603,84400,1257,262,1297,141,933,2387,35.6,142,71,400,2235,470,7,286,1881,97,32,121,31,27,57,21.72,20.2,15.11,3.77,20.78,17.75,0.29,41.74,Census Tract 2006; Baltimore city; Maryland,43869,24087.0,514,2367,1100,159,941,114,39,0,11,1573,84400,1257,432,603
Census Tract 2007.01; Baltimore city; Maryland,82.1,14.5,10.2,50.3,93.7,3761,1127,3761,24,510,200701,39949,549,3761,1011,799,105200,929,389,2199,273,1705,3774,42.7,64,0,404,3718,549,22,38,3641,45,0,18,38,37,55,14.6,17.69,16.01,2.49,29.97,0.0,0.58,55.86,Census Tract 2007.01; Baltimore city; Maryland,39949,26032.0,549,3761,1898,193,1705,260,101,49,0,2821,105200,929,1011,799
Census Tract 2007.02; Baltimore city; Maryland,86.0,19.1,4.7,51.3,96.8,1224,229,1224,24,510,200702,49591,343,1224,267,240,101100,1235,137,644,234,509,1224,40.0,0,61,289,1202,267,0,50,1174,0,0,0,22,0,12,28.02,21.27,45.97,7.91,18.71,21.11,0.0,52.66,Census Tract 2007.02; Baltimore city; Maryland,49591,22174.0,343,1224,578,27,551,120,48,0,0,878,101100,1235,267,240
Census Tract 2008; Baltimore city; Maryland,81.9,12.8,12.9,53.0,91.3,2206,360,2206,24,510,200800,54313,256,2206,320,484,125000,1073,215,1019,380,936,2214,36.4,12,0,396,2189,434,37,132,1867,59,0,0,25,3,31,11.6,21.1,40.6,4.14,16.32,0.0,1.67,39.8,Census Tract 2008; Baltimore city; Maryland,54313,26139.0,256,2206,1093,141,952,88,85,20,0,1506,125000,1073,320,484
Census Tract 2101; Baltimore city; Maryland,90.5,65.2,7.4,74.1,95.0,2132,207,2132,24,510,210100,87433,223,2143,554,487,239700,1377,214,1255,50,1427,2143,31.3,126,8,269,2061,198,26,630,1243,52,62,60,22,0,17,10.41,17.05,3.5,4.46,9.71,2.97,1.21,53.22,Census Tract 2101; Baltimore city; Maryland,87433,54324.0,223,2143,1558,116,1442,545,395,73,36,1608,239700,1377,554,487
Census Tract 2102; Baltimore city; Maryland,78.7,31.7,5.8,63.5,86.4,3711,669,3711,24,510,210200,47042,1001,3635,648,977,212200,1295,224,1849,166,1673,3711,32.8,0,188,707,3609,576,453,878,2043,432,165,40,62,72,41,27.54,12.11,9.92,2.33,18.03,26.59,12.21,39.88,Census Tract 2102; Baltimore city; Maryland,47042,33697.0,1001,3635,1814,105,1709,542,176,37,82,2638,212200,1295,648,977
Census Tract 2201; Baltimore city; Maryland,89.0,71.1,2.7,74.3,100.0,4301,869,4301,24,510,220100,87581,696,4284,989,1653,420000,1616,247,2889,153,2271,4301,36.4,290,0,290,4092,141,192,2965,675,126,291,155,54,19,48,16.25,8.55,6.74,2.33,20.2,0.0,4.46,37.43,Census Tract 2201; Baltimore city; Maryland,87581,87038.0,696,4284,2377,63,2314,1327,809,308,178,3687,420000,1616,989,1653
Census Tract 2301; Baltimore city; Maryland,94.1,64.8,0.0,77.2,99.0,2103,302,2103,24,510,230100,102321,222,2111,416,755,418700,2247,180,1351,20,1360,2111,30.8,306,0,384,2020,268,108,1219,642,130,45,15,76,0,0,10.52,13.32,1.47,4.71,14.36,0.0,5.12,35.53,Census Tract 2301; Baltimore city; Maryland,102321,58885.0,222,2111,1369,0,1369,574,256,69,73,1500,418700,2247,416,755
Census Tract 2302; Baltimore city; Maryland,94.2,79.0,0.8,83.1,96.2,1541,135,1541,24,510,230200,126477,83,1549,477,318,327800,2139,151,946,30,1214,1549,31.4,82,0,82,1467,0,19,1398,39,75,7,51,31,20,19,5.36,15.96,2.47,6.24,8.76,0.0,1.23,60.0,Census Tract 2302; Baltimore city; Maryland,126477,73248.0,83,1549,1226,10,1216,692,235,70,41,1314,327800,2139,477,318
Census Tract 2303; Baltimore city; Maryland,98.1,78.6,1.4,92.6,98.9,1387,153,1387,24,510,230300,110125,204,1416,212,534,299300,2090,122,868,28,1155,1416,29.0,34,0,43,1406,37,95,1140,129,65,52,3,7,3,0,14.41,14.06,2.42,7.13,11.03,0.0,6.71,28.42,Census Tract 2303; Baltimore city; Maryland,110125,64348.0,204,1416,1162,16,1146,530,279,66,42,1167,299300,2090,212,534
Census Tract 2401; Baltimore city; Maryland,97.1,78.7,2.2,89.7,97.5,3444,155,3444,24,510,240100,157393,181,3457,1182,597,468300,2064,220,1999,75,2458,3457,33.5,484,0,553,3027,115,78,2923,104,183,76,216,214,9,6,5.24,11.01,3.05,2.83,4.5,0.0,2.26,66.44,Census Tract 2401; Baltimore city; Maryland,157393,109118.0,181,3457,2525,56,2469,1086,735,212,144,2767,468300,2064,1182,597
Census Tract 2402; Baltimore city; Maryland,100.0,86.7,1.7,81.8,100.0,2555,197,2555,24,510,240200,152722,41,2596,936,533,388500,2483,203,1672,71,1984,2596,38.4,208,0,233,2517,154,52,2212,126,92,83,12,67,25,33,1.58,12.14,3.58,3.91,7.71,0.0,2.0,63.72,Census Tract 2402; Baltimore city; Maryland,152722,108864.0,41,2596,1986,34,1952,1054,582,231,85,2251,388500,2483,936,533
Census Tract 2403; Baltimore city; Maryland,99.3,79.2,2.2,85.2,96.8,1975,143,1975,24,510,240300,119766,59,1975,532,461,414700,2007,48,1041,88,1511,1975,32.9,212,10,222,1965,212,38,1638,76,44,87,0,10,23,0,2.99,4.61,5.82,4.9,7.24,4.5,1.92,53.58,Census Tract 2403; Baltimore city; Maryland,119766,81173.0,59,1975,1545,34,1511,556,405,230,58,1578,414700,2007,532,461
Census Tract 2404; Baltimore city; Maryland,96.0,76.1,0.8,86.4,99.6,2616,162,2616,24,510,240400,155444,65,2645,848,441,377100,2281,138,1427,22,1818,2645,33.9,302,0,334,2457,188,33,2255,124,84,42,136,52,15,0,2.46,9.67,1.21,3.81,6.19,0.0,1.25,65.79,Census Tract 2404; Baltimore city; Maryland,155444,83209.0,65,2645,1803,14,1789,772,705,87,73,2152,377100,2281,848,441
Census Tract 2501.01; Baltimore city; Maryland,94.3,28.0,1.1,73.2,96.3,4036,596,4036,24,510,250101,65956,438,4036,1051,567,173300,1540,88,1706,339,2113,4060,34.3,152,45,484,3807,805,33,228,3109,337,202,183,70,10,74,10.85,5.16,16.04,2.39,14.77,9.3,0.81,64.96,Census Tract 2501.01; Baltimore city; Maryland,65956,30030.0,438,4036,2144,24,2120,575,140,15,0,2604,173300,1540,1051,567
Census Tract 2501.02; Baltimore city; Maryland,83.9,11.6,9.7,68.8,93.8,3096,511,3096,24,510,250102,49530,398,3096,446,831,120100,1245,135,1412,483,1573,3096,30.9,228,50,721,2860,513,39,245,2608,48,37,139,97,12,38,12.86,9.56,30.71,3.03,16.51,6.93,1.26,34.93,Census Tract 2501.02; Baltimore city; Maryland,49530,25504.0,398,3096,1871,182,1689,158,80,0,0,2049,120100,1245,446,831
Census Tract 2501.03; Baltimore city; Maryland,80.5,13.1,7.5,52.4,92.1,3231,896,3231,24,510,250103,38922,595,3231,677,1023,161600,759,214,1914,96,1222,3368,49.4,143,6,258,3145,151,145,1855,1109,179,85,56,167,63,64,18.42,11.18,7.86,2.85,27.73,2.33,4.31,39.82,Census Tract 2501.03; Baltimore city; Maryland,38922,30782.0,595,3231,1409,106,1303,283,68,13,10,2856,161600,759,677,1023
Census Tract 2502.03; Baltimore city; Maryland,87.1,22.8,8.2,54.6,97.0,1750,232,1750,24,510,250203,39167,415,1750,182,586,65800,1227,74,842,92,667,1750,32.7,157,0,543,1539,354,23,50,1657,23,20,70,141,40,0,23.71,8.79,13.79,5.54,13.26,0.0,1.31,23.7,Census Tract 2502.03; Baltimore city; Maryland,39167,22775.0,415,1750,790,65,725,152,97,0,0,1091,65800,1227,182,586
Census Tract 2502.04; Baltimore city; Maryland,78.0,0.6,10.3,44.1,94.1,4786,1102,4786,24,510,250204,18904,2868,4786,81,1519,-666666666,443,156,1756,408,973,4786,19.3,237,14,1852,4107,1549,0,24,4694,0,0,155,524,7,74,59.92,8.88,41.93,1.97,23.03,0.76,0.0,5.06,Census Tract 2502.04; Baltimore city; Maryland,18904,8852.0,2868,4786,1142,118,1024,12,0,0,0,2031,-666666666,443,81,1519
Census Tract 2502.05; Baltimore city; Maryland,64.1,9.9,10.2,41.9,75.8,3668,563,3668,24,510,250205,38942,1117,3668,472,816,100900,1404,203,1491,199,1458,3668,31.7,714,32,1075,3438,485,548,353,1694,1556,23,81,149,10,39,30.45,13.62,13.65,2.07,15.35,2.98,14.94,36.65,Census Tract 2502.05; Baltimore city; Maryland,38942,19989.0,1117,3668,1642,168,1474,150,44,15,11,2221,100900,1404,472,816
Census Tract 2502.06; Baltimore city; Maryland,75.6,18.8,15.4,73.2,91.3,2305,578,2305,24,510,250206,72654,302,2319,498,359,125000,950,131,988,34,794,2319,38.3,501,0,621,1961,201,55,1525,512,100,151,271,87,11,27,13.02,13.26,4.28,3.96,25.08,0.0,2.37,58.11,Census Tract 2502.06; Baltimore city; Maryland,72654,26862.0,302,2319,944,145,799,133,101,12,34,1490,125000,950,498,359
Census Tract 2502.07; Baltimore city; Maryland,89.6,12.9,5.5,67.0,90.4,1907,407,1907,24,510,250207,50125,335,1907,92,744,74200,1165,81,917,59,944,1907,31.9,50,42,443,1795,361,117,56,1664,122,0,47,65,9,16,17.57,8.83,6.25,4.74,21.34,9.48,6.14,11.0,Census Tract 2502.07; Baltimore city; Maryland,50125,31148.0,335,1907,999,55,944,69,74,0,24,1294,74200,1165,92,744
Census Tract 2503.01; Baltimore city; Maryland,75.6,8.4,18.8,49.4,95.3,2238,531,2238,24,510,250301,28750,1097,2229,298,500,79800,596,217,1015,49,605,2238,28.7,24,0,692,2021,603,36,159,1993,49,0,52,165,0,64,49.21,21.38,8.1,4.26,23.73,0.0,1.61,37.34,Census Tract 2503.01; Baltimore city; Maryland,28750,20920.0,1097,2229,745,140,605,25,80,0,0,1243,79800,596,298,500
Census Tract 2503.03; Baltimore city; Maryland,73.4,13.3,11.0,55.0,91.1,1952,418,1952,24,510,250303,45139,409,1911,367,366,75600,1435,214,947,103,596,1952,37.6,230,0,286,1815,358,55,1200,390,129,11,61,76,19,37,21.4,22.6,17.28,4.67,21.41,0.0,2.82,50.07,Census Tract 2503.03; Baltimore city; Maryland,45139,22999.0,409,1911,689,76,613,146,20,8,0,1305,75600,1435,367,366
Census Tract 2504.01; Baltimore city; Maryland,71.3,11.2,4.4,48.3,94.2,4398,1047,4398,24,510,250401,45044,905,4387,581,900,106000,1233,184,1665,143,1760,4398,33.3,431,27,716,3947,604,417,1787,1057,1205,254,156,295,92,32,20.63,11.05,8.12,2.14,23.81,3.77,9.48,39.23,Census Tract 2504.01; Baltimore city; Maryland,45044,18381.0,905,4387,1899,84,1815,260,11,48,0,2850,106000,1233,581,900
Census Tract 2504.02; Baltimore city; Maryland,69.4,6.2,20.2,58.4,85.5,3803,567,3803,24,510,250402,32385,1841,3803,617,908,89300,1128,360,1885,292,1253,3803,34.6,284,83,1113,3581,792,408,1026,1573,949,0,71,151,53,11,48.41,19.1,23.3,2.25,14.91,7.46,10.73,40.46,Census Tract 2504.02; Baltimore city; Maryland,32385,19547.0,1841,3803,1581,320,1261,41,64,0,37,2280,89300,1128,617,908
Census Tract 2505; Baltimore city; Maryland,78.6,14.6,5.7,46.5,88.3,4198,879,4198,24,510,250500,42073,855,4251,1132,925,85700,1091,453,2510,189,2081,4251,36.5,442,0,655,3918,487,54,1732,1650,554,232,236,97,0,14,20.11,18.05,9.08,2.1,20.94,0.0,1.27,55.03,Census Tract 2505; Baltimore city; Maryland,42073,32619.0,855,4251,2236,128,2108,284,109,16,0,2805,85700,1091,1132,925
Census Tract 2506; Baltimore city; Maryland,100.0,0.0,45.5,100.0,100.0,11,5,11,24,510,250600,-666666666,11,11,6,5,-666666666,-666666666,0,11,0,6,11,-666666666.0,0,0,0,11,0,0,11,0,0,0,0,0,0,0,100.0,0.0,0.0,909.09,45.45,,0.0,54.55,Census Tract 2506; Baltimore city; Maryland,-666666666,,11,11,11,5,6,0,0,0,0,11,-666666666,-666666666,6,5
Census Tract 2601.01; Baltimore city; Maryland,88.8,27.3,4.4,68.8,90.7,5100,572,5100,24,510,260101,68052,383,5100,1083,843,197900,1286,66,1992,198,2585,5100,36.5,212,405,806,4914,845,103,1333,3234,306,39,26,160,33,59,7.51,3.31,7.66,1.78,11.22,50.25,2.02,56.23,Census Tract 2601.01; Baltimore city; Maryland,68052,36676.0,383,5100,2772,122,2650,558,389,8,0,3494,197900,1286,1083,843
Census Tract 2601.02; Baltimore city; Maryland,88.3,22.3,7.9,71.0,95.5,4840,522,4840,24,510,260102,64446,381,4834,1456,455,160700,1102,132,2043,218,2289,4840,41.4,351,36,647,4491,576,141,415,4161,122,64,127,222,59,115,7.88,6.46,9.52,1.97,10.79,5.56,2.91,76.19,Census Tract 2601.02; Baltimore city; Maryland,64446,31110.0,381,4834,2540,200,2340,576,162,20,0,3400,160700,1102,1456,455
Census Tract 2602.01; Baltimore city; Maryland,89.2,29.6,2.2,70.9,99.4,5292,440,5292,24,510,260201,49574,646,5292,704,1709,174400,979,193,2606,479,2820,5544,32.9,505,162,1186,5046,553,596,750,4462,136,75,183,315,16,115,12.21,7.41,16.99,1.88,8.31,13.66,10.75,29.18,Census Tract 2602.01; Baltimore city; Maryland,49574,34201.0,646,5292,2974,64,2910,834,314,0,0,3879,174400,979,704,1709
Census Tract 2602.02; Baltimore city; Maryland,86.5,14.8,1.8,82.1,96.6,6158,836,6158,24,510,260202,37273,1425,6158,871,1934,118300,1151,343,3148,356,2479,6158,31.7,107,262,1615,5561,1069,719,665,5104,143,181,382,215,2,53,23.14,10.9,14.36,1.57,13.58,16.22,11.68,31.05,Census Tract 2602.02; Baltimore city; Maryland,37273,30460.0,1425,6158,2790,51,2739,535,30,0,14,3916,118300,1151,871,1934
Census Tract 2602.03; Baltimore city; Maryland,89.6,17.4,5.8,77.3,96.3,2912,401,2912,24,510,260203,62107,649,2896,428,591,152800,1508,63,1082,226,1300,2912,36.4,208,119,524,2819,561,209,135,2526,0,199,21,72,44,15,22.41,5.82,17.38,3.31,13.77,22.71,7.18,42.0,Census Tract 2602.03; Baltimore city; Maryland,62107,23980.0,649,2896,1438,84,1354,195,138,0,0,1914,152800,1508,428,591
Census Tract 2603.01; Baltimore city; Maryland,89.7,10.7,3.1,76.0,96.5,4195,737,4195,24,510,260301,44297,1322,4195,792,611,117100,1430,271,1674,39,1607,4195,29.3,133,204,1195,3803,1085,0,291,3793,14,0,122,270,10,23,31.51,16.19,2.43,2.3,17.57,17.07,0.0,56.45,Census Tract 2603.01; Baltimore city; Maryland,44297,21513.0,1322,4195,1756,54,1702,171,79,9,0,2426,117100,1430,792,611
Census Tract 2603.02; Baltimore city; Maryland,88.8,19.4,3.5,68.8,97.7,6246,995,6246,24,510,260302,51484,1616,6246,1860,666,121700,1444,219,2745,310,2536,6247,42.6,371,0,1143,5940,1012,0,184,5894,0,0,194,113,193,168,25.87,7.98,12.22,1.56,15.93,0.0,0.0,73.63,Census Tract 2603.02; Baltimore city; Maryland,51484,23649.0,1616,6246,2638,92,2546,258,482,71,52,4449,121700,1444,1860,666
Census Tract 2603.03; Baltimore city; Maryland,78.9,12.2,1.6,67.1,86.1,1281,234,1281,24,510,260303,51932,349,1281,229,488,211600,1043,43,760,56,765,1281,41.4,31,11,109,1221,22,226,70,910,275,0,25,35,14,19,27.24,5.66,7.32,6.72,18.27,10.09,17.64,31.94,Census Tract 2603.03; Baltimore city; Maryland,51932,36428.0,349,1281,792,13,779,126,11,0,0,1127,211600,1043,229,488
Census Tract 2604.01; Baltimore city; Maryland,59.2,7.8,1.8,34.9,89.1,2391,571,2391,24,510,260401,40298,703,2391,580,469,40200,622,120,1169,38,777,2391,44.9,290,79,498,2135,118,477,1086,0,1070,207,174,82,31,104,29.4,10.27,4.89,3.73,23.88,15.86,19.95,55.29,Census Tract 2604.01; Baltimore city; Maryland,40298,20048.0,703,2391,791,14,777,71,65,0,0,1753,40200,622,580,469
Census Tract 2604.02; Baltimore city; Maryland,83.3,8.3,3.0,54.1,93.8,3314,511,3314,24,510,260402,43882,587,3314,264,1007,218300,1066,64,1335,173,1414,3314,30.4,164,0,633,3184,727,214,69,3207,38,0,93,37,11,72,17.71,4.79,12.23,2.83,15.42,0.0,6.46,20.77,Census Tract 2604.02; Baltimore city; Maryland,43882,21322.0,587,3314,1523,46,1477,125,51,0,0,2118,218300,1066,264,1007
Census Tract 2604.03; Baltimore city; Maryland,86.7,15.3,4.8,60.1,94.3,1292,177,1292,24,510,260403,50962,50,1292,182,590,107300,964,14,786,54,837,1292,44.0,25,0,37,1292,75,47,111,1176,0,5,0,0,0,23,3.87,1.78,6.45,7.3,13.7,0.0,3.64,23.58,Census Tract 2604.03; Baltimore city; Maryland,50962,38129.0,50,1292,901,43,858,119,28,31,0,1164,107300,964,182,590
Census Tract 2604.04; Baltimore city; Maryland,47.0,3.2,13.9,60.0,73.9,1556,219,1556,24,510,260404,33750,483,1556,132,308,101900,1522,210,650,121,427,1556,33.6,395,0,452,1245,216,307,678,127,718,0,145,166,20,23,31.04,32.31,28.34,4.75,14.07,0.0,19.73,30.0,Census Tract 2604.04; Baltimore city; Maryland,33750,13541.0,483,1556,496,69,427,11,18,0,0,909,101900,1522,132,308
Census Tract 2605.01; Baltimore city; Maryland,75.5,25.9,1.7,61.0,73.4,4375,505,4375,24,510,260501,74403,398,4420,1011,618,168200,1515,162,1791,359,1731,4466,35.9,916,0,1069,4256,326,857,2210,537,1490,113,86,124,41,105,9.0,9.05,20.74,1.68,11.54,0.0,19.19,62.06,Census Tract 2605.01; Baltimore city; Maryland,74403,29060.0,398,4420,1735,30,1705,537,277,0,0,3144,168200,1515,1011,618
Census Tract 2606.04; Baltimore city; Maryland,78.1,5.8,0.0,47.1,97.8,1296,272,1296,24,510,260604,24896,634,1296,131,421,111200,716,146,698,60,320,1296,24.5,33,12,445,1228,368,51,241,956,72,0,0,68,25,47,48.92,20.92,18.75,7.55,20.99,2.7,3.94,23.73,Census Tract 2606.04; Baltimore city; Maryland,24896,14381.0,634,1296,344,0,344,18,18,0,0,621,111200,716,131,421
Census Tract 2606.05; Baltimore city; Maryland,67.9,9.5,5.1,61.2,81.5,5798,614,5798,24,510,260605,54569,976,5771,1226,728,157500,1139,159,2113,216,2387,5798,35.1,1101,179,1702,5180,633,696,2381,710,2479,89,181,437,47,73,16.91,7.52,9.05,1.41,10.59,10.52,12.0,62.74,Census Tract 2606.05; Baltimore city; Maryland,54569,23987.0,976,5771,2532,130,2402,233,68,28,2,3487,157500,1139,1226,728
Census Tract 2607; Baltimore city; Maryland,85.6,61.9,8.3,79.5,85.6,2214,123,2214,24,510,260700,68836,457,2221,656,325,341200,1844,204,1185,8,1161,2221,34.7,335,0,452,2068,67,328,1038,42,822,273,72,81,4,3,20.58,17.22,0.69,3.87,5.56,0.0,14.77,66.87,Census Tract 2607; Baltimore city; Maryland,68836,46766.0,457,2221,1294,107,1187,434,354,140,101,1663,341200,1844,656,325
Census Tract 2608; Baltimore city; Maryland,79.6,30.8,2.9,56.5,92.4,1962,240,1962,24,510,260800,46657,227,1962,341,571,244600,1213,205,1117,222,1025,1962,41.4,119,36,420,1892,187,290,824,405,463,64,0,70,35,22,11.57,18.35,21.66,4.71,12.23,8.57,14.78,37.39,Census Tract 2608; Baltimore city; Maryland,46657,40380.0,227,1962,1076,31,1045,192,200,25,34,1466,244600,1213,341,571
Census Tract 2609; Baltimore city; Maryland,95.1,67.1,3.9,91.0,98.1,3620,381,3620,24,510,260900,119386,281,3620,813,1109,318700,2312,284,2206,91,2880,3620,31.7,162,42,301,3431,62,81,2773,249,271,192,97,92,18,0,7.76,12.87,3.16,2.71,10.52,13.95,2.24,42.3,Census Tract 2609; Baltimore city; Maryland,119386,78360.0,281,3620,2998,118,2880,1195,454,303,164,3153,318700,2312,813,1109
Census Tract 2610; Baltimore city; Maryland,90.1,53.2,5.7,62.0,96.7,1806,351,1806,24,510,261000,88266,447,1806,519,330,274100,1588,386,1235,189,956,1806,34.3,140,4,316,1667,173,26,808,659,26,114,84,55,0,0,24.75,31.26,19.77,5.35,19.44,1.27,1.44,61.13,Census Tract 2610; Baltimore city; Maryland,88266,50131.0,447,1806,1021,58,963,290,349,64,27,1372,274100,1588,519,330
Census Tract 2611; Baltimore city; Maryland,97.9,81.5,0.9,86.8,98.6,2171,138,2171,24,510,261100,151771,87,2175,645,342,372000,2132,65,1052,53,1721,2175,31.5,115,0,266,1985,76,59,1793,61,108,111,47,143,19,4,4.0,6.18,3.08,4.54,6.36,0.0,2.71,65.35,Census Tract 2611; Baltimore city; Maryland,151771,74942.0,87,2175,1758,16,1742,819,474,41,133,1801,372000,2132,645,342
Census Tract 2701.01; Baltimore city; Maryland,94.9,60.1,5.6,83.0,94.1,1453,235,1453,24,510,270101,92237,200,1453,467,75,248900,1961,45,587,13,693,1453,41.7,124,26,250,1418,265,47,847,512,21,16,9,26,35,28,13.76,7.67,1.88,6.48,16.17,10.4,3.23,86.16,Census Tract 2701.01; Baltimore city; Maryland,92237,40912.0,200,1453,748,42,706,383,202,50,31,1108,248900,1961,467,75
Census Tract 2701.02; Baltimore city; Maryland,89.5,31.8,3.8,80.9,97.9,3321,545,3321,24,510,270102,54604,702,3309,1122,242,193800,1407,183,1547,163,1665,3357,44.5,361,13,525,3259,400,56,625,2559,104,0,35,63,17,5,21.21,11.83,9.79,2.95,16.41,2.48,1.67,82.26,Census Tract 2701.02; Baltimore city; Maryland,54604,31452.0,702,3309,1737,66,1671,576,180,28,9,2491,193800,1407,1122,242
Census Tract 2702; Baltimore city; Maryland,97.9,60.1,3.9,68.5,97.0,1676,169,1676,24,510,270200,102543,109,1679,608,129,266800,971,59,796,25,988,1686,45.4,203,0,238,1636,249,26,808,696,173,6,8,42,16,18,6.49,7.41,2.53,5.79,10.08,0.0,1.54,82.5,Census Tract 2702; Baltimore city; Maryland,102543,55297.0,109,1679,1037,40,997,395,271,33,106,1340,266800,971,608,129
Census Tract 2703.01; Baltimore city; Maryland,94.2,47.4,7.4,66.5,93.9,3334,424,3334,24,510,270301,84519,347,3334,1051,166,268800,1668,41,1258,1,1412,3492,40.0,644,145,842,3396,772,63,990,2318,73,49,75,21,10,26,10.41,3.26,0.07,2.82,12.72,17.22,1.8,86.36,Census Tract 2703.01; Baltimore city; Maryland,84519,35519.0,347,3334,1549,115,1434,530,448,44,81,2328,268800,1668,1051,166
Census Tract 2703.02; Baltimore city; Maryland,91.9,30.2,6.5,82.3,87.4,1741,204,1741,24,510,270302,71548,240,1752,518,200,213300,1328,71,789,81,763,1752,39.5,201,9,398,1671,332,26,717,863,49,0,39,42,25,42,13.7,9.0,10.62,5.02,11.72,2.26,1.48,72.14,Census Tract 2703.02; Baltimore city; Maryland,71548,36935.0,240,1752,873,57,816,203,135,14,23,1242,213300,1328,518,200
Census Tract 2704.01; Baltimore city; Maryland,92.6,21.6,6.2,70.2,97.9,4855,434,4855,24,510,270401,78711,696,4841,1301,533,211600,1146,272,2106,248,2673,5007,40.1,342,82,737,4838,616,62,1292,3528,58,6,18,151,79,49,14.38,12.92,9.28,2.02,8.94,11.13,1.24,70.94,Census Tract 2704.01; Baltimore city; Maryland,78711,39322.0,696,4841,2916,181,2735,536,206,8,24,3586,211600,1146,1301,533
Census Tract 2704.02; Baltimore city; Maryland,94.9,40.9,7.6,88.1,96.8,3782,595,3782,24,510,270402,92841,267,3772,1042,163,229400,1393,174,1379,98,1657,3782,35.9,215,103,1010,3538,940,36,1353,2321,29,24,88,156,53,15,7.08,12.62,5.91,2.56,15.73,10.2,0.95,86.47,Census Tract 2704.02; Baltimore city; Maryland,92841,33190.0,267,3772,1828,139,1689,580,359,0,56,2432,229400,1393,1042,163
Census Tract 2705.01; Baltimore city; Maryland,91.0,30.9,0.0,77.4,95.9,4110,416,4110,24,510,270501,77204,246,4110,1365,299,208000,1650,175,1839,0,2124,4161,39.3,651,10,672,3821,553,17,1689,1680,466,116,248,92,9,65,5.99,9.52,0.0,2.33,10.12,1.49,0.41,82.03,Census Tract 2705.01; Baltimore city; Maryland,77204,41203.0,246,4110,2154,0,2154,460,324,71,37,2887,208000,1650,1365,299
Census Tract 2705.02; Baltimore city; Maryland,87.5,36.2,3.7,80.1,97.2,3856,765,3856,24,510,270502,86905,321,3857,1228,386,217000,1276,174,1788,117,1961,3874,48.1,270,0,497,3647,423,97,1475,2201,146,0,102,125,140,62,8.32,9.73,5.97,2.52,19.84,0.0,2.5,76.08,Census Tract 2705.02; Baltimore city; Maryland,86905,44141.0,321,3857,2142,79,2063,416,544,12,117,3010,217000,1276,1228,386
Census Tract 2706; Baltimore city; Maryland,92.0,32.6,9.2,77.9,92.6,4532,658,4532,24,510,270600,80570,299,4491,1456,330,217700,1180,187,1973,152,2414,4532,44.2,298,0,424,4345,386,156,1209,3038,47,0,96,91,11,183,6.66,9.48,6.3,2.04,14.52,0.0,3.44,81.52,Census Tract 2706; Baltimore city; Maryland,80570,35730.0,299,4491,2668,245,2423,498,524,71,64,3545,217700,1180,1456,330
Census Tract 2707.01; Baltimore city; Maryland,83.7,25.0,0.0,54.8,95.1,2354,334,2354,24,510,270701,55671,257,2354,0,1041,-666666666,1221,124,1165,164,1455,2354,37.0,236,0,469,2122,165,346,86,2246,0,0,84,148,0,22,10.92,10.64,11.27,4.04,14.19,0.0,14.7,0.0,Census Tract 2707.01; Baltimore city; Maryland,55671,29567.0,257,2354,1544,0,1544,349,76,18,0,1769,-666666666,1221,0,1041
Census Tract 2707.02; Baltimore city; Maryland,89.5,30.8,7.1,72.1,96.6,2278,394,2278,24,510,270702,67011,147,2278,416,627,218000,1172,73,1116,5,1273,2283,41.7,178,9,345,2232,309,104,588,1492,47,6,26,25,16,38,6.45,6.54,0.39,4.24,17.3,2.61,4.56,39.88,Census Tract 2707.02; Baltimore city; Maryland,67011,35184.0,147,2278,1391,99,1292,270,231,0,16,1678,218000,1172,416,627
Census Tract 2707.03; Baltimore city; Maryland,94.5,47.3,2.8,73.3,95.6,3318,518,3318,24,510,270703,118454,194,3318,1011,352,229600,1100,25,1388,76,1729,3321,44.4,410,27,612,3258,623,109,1461,1745,14,0,30,33,10,10,5.85,1.8,4.4,2.88,15.61,4.41,3.28,74.17,Census Tract 2707.03; Baltimore city; Maryland,118454,48664.0,194,3318,1836,52,1784,648,369,45,72,2398,229600,1100,1011,352
Census Tract 2708.01; Baltimore city; Maryland,95.8,35.2,5.4,64.6,95.7,3484,267,3484,24,510,270801,61875,246,3484,1001,308,164400,1675,258,1567,110,1713,3484,38.7,273,0,460,3456,556,87,450,2750,0,3,0,28,23,140,7.06,16.46,6.42,2.75,7.66,0.0,2.5,76.47,Census Tract 2708.01; Baltimore city; Maryland,61875,31643.0,246,3484,1852,100,1752,488,246,23,54,2302,164400,1675,1001,308
Census Tract 2708.02; Baltimore city; Maryland,88.0,21.2,6.5,70.2,96.7,5773,528,5773,24,510,270802,55929,1044,5773,1396,1071,156800,1122,41,2508,257,2624,5774,34.2,0,585,1144,4935,830,32,194,4435,642,0,234,605,96,210,18.08,1.63,9.79,1.68,9.15,51.14,0.55,56.59,Census Tract 2708.02; Baltimore city; Maryland,55929,28123.0,1044,5773,2878,188,2690,292,370,53,93,3809,156800,1122,1396,1071
Census Tract 2708.03; Baltimore city; Maryland,89.6,24.4,8.0,72.0,98.3,5731,836,5731,24,510,270803,50529,587,5740,1223,1508,178900,1165,193,2924,107,2624,5867,41.1,805,53,1002,5538,657,148,292,5342,32,42,171,158,129,93,10.23,6.6,4.08,1.72,14.59,5.29,2.52,44.78,Census Tract 2708.03; Baltimore city; Maryland,50529,46029.0,587,5740,2865,228,2637,728,315,1,37,4433,178900,1165,1223,1508
Census Tract 2708.04; Baltimore city; Maryland,91.9,46.0,3.1,77.8,92.4,2630,467,2630,24,510,270804,54617,435,2630,534,831,250700,1024,125,1490,206,1522,2630,41.3,207,0,371,2485,192,159,922,1173,272,164,15,130,23,57,16.54,8.39,13.53,3.51,17.76,0.0,6.05,39.12,Census Tract 2708.04; Baltimore city; Maryland,54617,46385.0,435,2630,1601,49,1552,479,316,87,29,1979,250700,1024,534,831
Census Tract 2708.05; Baltimore city; Maryland,83.6,22.4,3.1,78.8,97.4,5661,770,5661,24,510,270805,65571,424,5661,1418,520,151900,1199,181,2119,647,3076,5676,41.1,394,42,948,5242,612,181,399,4823,301,0,299,135,36,51,7.49,8.54,21.03,1.72,13.6,4.43,3.19,73.17,Census Tract 2708.05; Baltimore city; Maryland,65571,30602.0,424,5661,3207,100,3107,503,225,67,132,4134,151900,1199,1418,520
Census Tract 2709.01; Baltimore city; Maryland,88.6,15.5,4.7,66.9,96.8,3761,664,3761,24,510,270901,59142,412,3794,854,868,166200,1338,94,1816,347,1968,3836,40.3,329,0,421,3475,311,61,185,3363,56,0,216,145,0,33,10.86,5.18,17.63,2.57,17.65,0.0,1.59,49.59,Census Tract 2709.01; Baltimore city; Maryland,59142,45317.0,412,3794,2131,100,2031,114,278,14,17,2723,166200,1338,854,868
Census Tract 2709.02; Baltimore city; Maryland,88.4,35.7,7.0,72.7,91.8,4171,478,4171,24,510,270902,70119,239,3190,1006,262,175000,1908,200,1468,150,1710,4174,33.3,162,172,513,3949,488,192,231,3539,38,158,112,113,22,175,7.49,13.62,8.77,2.2,11.46,33.53,4.6,79.34,Census Tract 2709.02; Baltimore city; Maryland,70119,29522.0,239,3190,1907,134,1773,421,362,0,43,2315,175000,1908,1006,262
Census Tract 2709.03; Baltimore city; Maryland,98.2,44.5,12.0,60.2,96.2,4992,353,4992,24,510,270903,62250,348,2813,821,449,212700,1215,139,1409,217,2215,4992,22.1,211,0,364,4818,317,192,588,3781,241,136,124,50,10,14,12.37,9.87,9.8,1.93,7.07,0.0,3.85,64.65,Census Tract 2709.03; Baltimore city; Maryland,62250,29859.0,348,2813,2600,312,2288,378,390,147,39,2146,212700,1215,821,449
Census Tract 2710.01; Baltimore city; Maryland,77.9,15.4,12.1,51.8,98.0,2300,633,2300,24,510,271001,40050,714,2300,281,640,175900,1071,94,1015,154,932,2300,39.1,120,41,414,2137,352,105,45,2077,11,21,90,73,4,74,31.04,9.26,16.52,4.26,27.52,9.9,4.57,30.51,Census Tract 2710.01; Baltimore city; Maryland,40050,26082.0,714,2300,1087,132,955,131,94,16,0,1563,175900,1071,281,640
Census Tract 2710.02; Baltimore city; Maryland,82.9,17.7,20.3,71.4,96.3,3760,940,3760,24,510,271002,59625,661,3682,904,528,153500,1338,327,1759,81,1250,3761,39.9,531,12,703,3596,699,73,144,3384,233,0,73,92,0,50,17.95,18.59,6.48,2.56,25.0,1.71,1.94,63.13,Census Tract 2710.02; Baltimore city; Maryland,59625,23060.0,661,3682,1608,326,1282,222,185,10,29,2517,153500,1338,904,528
Census Tract 2711.01; Baltimore city; Maryland,84.4,52.5,12.9,73.0,96.1,2293,392,2293,24,510,271101,58583,419,1909,467,418,226400,924,46,931,77,922,2293,33.2,277,0,428,2110,213,68,937,818,237,223,154,29,5,35,21.95,4.94,8.35,4.19,17.1,0.0,2.97,52.77,Census Tract 2711.01; Baltimore city; Maryland,58583,35790.0,419,1909,1090,141,949,220,303,80,101,1342,226400,924,467,418
Census Tract 2711.02; Baltimore city; Maryland,96.4,83.5,11.2,82.3,95.7,4859,295,4859,24,510,271102,229743,15,1309,479,18,811300,1205,54,551,100,1832,4867,20.1,272,0,272,4835,288,198,2791,1221,254,385,20,12,23,22,1.15,9.8,5.46,1.97,6.07,0.0,4.07,96.38,Census Tract 2711.02; Baltimore city; Maryland,229743,43304.0,15,1309,2080,232,1848,254,267,130,176,991,811300,1205,479,18
Census Tract 2712; Baltimore city; Maryland,96.0,76.1,2.6,87.5,99.5,6219,388,6219,24,510,271200,206680,135,6219,1768,354,570900,1662,199,2321,207,3208,6435,41.1,1719,22,1883,5977,1340,132,4773,803,165,150,231,227,100,80,2.17,8.57,6.45,1.6,6.24,1.17,2.05,83.32,Census Tract 2712; Baltimore city; Maryland,206680,85153.0,135,6219,3319,86,3233,1121,1254,535,375,4316,570900,1662,1768,354
Census Tract 2713; Baltimore city; Maryland,98.0,82.9,3.0,87.0,98.8,2951,152,2951,24,510,271300,163667,133,2895,719,403,636900,1808,57,1179,33,1503,2951,39.0,680,17,839,2682,540,92,1830,327,419,238,196,73,52,0,4.59,4.83,2.2,3.35,5.15,2.03,3.12,64.08,Census Tract 2713; Baltimore city; Maryland,163667,84834.0,133,2895,1601,48,1553,631,532,229,160,1873,636900,1808,719,403
Census Tract 2714; Baltimore city; Maryland,98.1,86.6,3.0,92.5,98.8,3834,236,3834,24,510,271400,149844,204,3843,1205,307,466500,1690,62,1574,109,1930,3962,40.2,939,13,1001,3823,788,263,2774,130,506,343,95,44,91,49,5.31,3.94,5.65,2.58,6.16,1.3,6.64,79.7,Census Tract 2714; Baltimore city; Maryland,149844,86376.0,204,3843,2015,60,1955,795,722,260,449,2571,466500,1690,1205,307
Census Tract 2715.01; Baltimore city; Maryland,97.2,73.3,1.6,85.6,96.9,4363,372,4363,24,510,271501,113403,362,4363,1146,631,464200,1509,168,1945,108,2190,4363,41.5,920,11,1028,4170,690,233,3016,845,241,142,83,110,18,45,8.3,8.64,4.93,2.22,8.53,1.07,5.34,64.49,Census Tract 2715.01; Baltimore city; Maryland,113403,70275.0,362,4363,2254,35,2219,713,858,541,182,3131,464200,1509,1146,631
Census Tract 2715.03; Baltimore city; Maryland,98.0,68.9,0.0,81.7,98.4,935,128,935,24,510,271503,71875,45,935,538,101,187000,1361,23,662,0,411,935,70.4,63,6,78,917,49,66,633,233,9,35,18,0,10,18,4.81,3.47,0.0,10.52,13.69,7.69,7.06,84.19,Census Tract 2715.03; Baltimore city; Maryland,71875,79498.0,45,935,417,0,417,199,266,74,38,837,187000,1361,538,101
Census Tract 2716; Baltimore city; Maryland,76.0,17.5,7.1,42.0,98.6,3791,1033,3791,24,510,271600,44303,1029,3791,531,836,150400,1153,442,1809,95,1345,3880,33.7,124,107,1016,3710,947,121,248,3263,21,123,112,58,8,73,27.14,24.43,7.06,2.6,27.25,10.53,3.12,38.84,Census Tract 2716; Baltimore city; Maryland,44303,18232.0,1029,3791,1570,112,1458,166,184,0,70,2398,150400,1153,531,836
Census Tract 2717; Baltimore city; Maryland,82.5,17.5,5.2,51.0,99.0,4278,1009,4278,24,510,271700,47821,905,4278,918,824,141500,1080,456,2198,219,1931,4638,42.6,502,4,977,4242,722,24,424,3962,28,46,205,191,26,97,21.15,20.75,11.34,2.31,23.59,0.41,0.52,52.7,Census Tract 2717; Baltimore city; Maryland,47821,31563.0,905,4278,2068,108,1960,291,141,95,36,3220,141500,1080,918,824
Census Tract 2718.01; Baltimore city; Maryland,77.2,5.6,8.3,29.7,92.3,2225,687,2225,24,510,271801,20417,858,2225,464,616,95800,569,417,1497,254,724,2226,44.3,40,193,382,2036,292,64,19,2166,23,0,162,28,0,20,38.56,27.86,35.08,4.15,30.88,50.52,2.88,42.96,Census Tract 2718.01; Baltimore city; Maryland,20417,19307.0,858,2225,803,67,736,71,18,0,0,1581,95800,569,464,616
Census Tract 2718.02; Baltimore city; Maryland,80.9,13.3,6.1,45.2,92.8,2299,560,2299,24,510,271802,45848,645,2299,376,440,114800,1285,441,1257,163,950,2299,39.8,26,0,412,2106,393,87,143,2076,11,34,184,9,7,27,28.06,35.08,17.16,4.04,24.36,0.0,3.78,46.08,Census Tract 2718.02; Baltimore city; Maryland,45848,30676.0,645,2299,1025,63,962,173,24,7,0,1538,114800,1285,376,440
Census Tract 2719; Baltimore city; Maryland,90.7,38.1,12.0,73.2,96.7,3168,436,3168,24,510,271900,62247,342,3150,995,423,235700,1069,82,1500,94,1463,3216,48.8,377,28,512,2911,290,112,841,1981,0,271,193,112,28,41,10.86,5.47,6.43,3.05,13.76,5.47,3.48,70.17,Census Tract 2719; Baltimore city; Maryland,62247,43412.0,342,3150,1670,201,1469,483,321,108,38,2493,235700,1069,995,423
Census Tract 2720.03; Baltimore city; Maryland,91.8,47.2,7.3,69.1,97.3,6323,926,6323,24,510,272003,71584,454,6310,1140,989,372700,1460,41,2170,37,2589,6340,30.3,1678,464,2155,5518,1408,262,3841,1904,191,202,203,619,44,60,7.19,1.89,1.43,1.54,14.64,21.53,4.13,53.55,Census Tract 2720.03; Baltimore city; Maryland,71584,33153.0,454,6310,2922,212,2710,880,520,279,34,3633,372700,1460,1140,989
Census Tract 2720.04; Baltimore city; Maryland,95.8,52.1,1.7,67.6,97.3,4113,425,4113,24,510,272004,72558,254,4113,713,1061,210600,1466,70,1844,123,1920,4113,34.1,940,111,1051,3633,543,215,2632,1087,232,77,188,292,22,15,6.18,3.8,6.41,2.37,10.33,10.56,5.23,40.19,Census Tract 2720.04; Baltimore city; Maryland,72558,43000.0,254,4113,1977,33,1944,708,527,186,54,2830,210600,1466,713,1061
Census Tract 2720.05; Baltimore city; Maryland,98.6,57.9,9.4,74.6,96.0,3215,486,3215,24,510,272005,71451,258,3215,723,516,335500,1627,64,1303,10,1356,3215,37.8,739,0,848,3060,524,207,2431,493,202,17,82,73,18,32,8.02,4.91,0.74,2.99,15.12,0.0,6.44,58.35,Census Tract 2720.05; Baltimore city; Maryland,71451,49879.0,258,3215,1522,143,1379,487,435,167,92,2038,335500,1627,723,516
Census Tract 2720.06; Baltimore city; Maryland,81.4,29.9,5.2,48.0,95.7,3786,613,3786,24,510,272006,41394,659,3786,551,1042,166300,1008,144,1737,321,1483,3793,39.4,734,31,805,3444,726,192,1519,1781,191,67,143,206,4,84,17.41,8.29,21.65,2.53,16.19,3.85,5.06,34.59,Census Tract 2720.06; Baltimore city; Maryland,41394,28137.0,659,3786,1594,83,1511,376,283,35,34,2434,166300,1008,551,1042
Census Tract 2720.07; Baltimore city; Maryland,88.2,36.1,6.0,71.7,95.7,3694,561,3694,24,510,272007,57353,822,3673,537,1001,179200,1391,211,1749,168,1588,3697,33.5,665,48,819,3406,634,131,1319,2003,180,13,203,88,34,11,22.38,12.06,10.58,2.59,15.19,5.86,3.54,34.92,Census Tract 2720.07; Baltimore city; Maryland,57353,26530.0,822,3673,1741,105,1636,490,355,13,28,2451,179200,1391,537,1001
Census Tract 2801.01; Baltimore city; Maryland,87.8,29.4,8.2,50.3,96.4,3059,355,3059,24,510,280101,52500,559,3059,723,453,129000,1604,177,1353,312,1376,3074,34.4,68,93,521,2785,375,78,74,2755,203,0,53,236,26,19,18.27,13.08,22.67,3.15,11.61,17.85,2.54,61.48,Census Tract 2801.01; Baltimore city; Maryland,52500,27552.0,559,3059,1669,137,1532,330,213,25,0,1931,129000,1604,723,453
Census Tract 2801.02; Baltimore city; Maryland,88.7,24.3,12.3,74.1,96.1,6454,1360,6454,24,510,280102,53373,1497,6410,1558,902,189300,1069,161,2621,374,2723,6619,44.6,483,116,954,5946,240,636,125,5879,431,0,267,406,17,63,23.35,6.14,13.73,1.49,21.07,12.16,9.61,63.33,Census Tract 2801.02; Baltimore city; Maryland,53373,33531.0,1497,6410,3191,392,2799,483,587,29,0,4522,189300,1069,1558,902
Census Tract 2802; Baltimore city; Maryland,86.6,25.7,6.8,60.7,96.0,5458,1078,5458,24,510,280200,68750,884,5458,1281,357,224000,1115,225,1863,221,2272,5563,43.2,345,90,587,5393,852,336,263,4998,40,11,87,83,92,53,16.2,12.08,9.73,1.76,19.75,15.33,6.04,78.21,Census Tract 2802; Baltimore city; Maryland,68750,26991.0,884,5458,2453,166,2287,587,348,30,21,3830,224000,1115,1281,357
Census Tract 2803.01; Baltimore city; Maryland,89.4,35.0,4.6,50.7,92.6,4025,1129,4025,24,510,280301,55712,565,3946,348,1796,307300,1351,162,2306,257,2217,4025,30.9,0,89,541,3806,384,375,400,3239,76,0,163,56,1,20,14.32,7.03,11.59,2.3,28.05,16.45,9.32,16.23,Census Tract 2803.01; Baltimore city; Maryland,55712,33280.0,565,3946,2350,109,2241,576,401,82,0,3028,307300,1351,348,1796
Census Tract 2803.02; Baltimore city; Maryland,94.4,34.9,2.3,58.5,96.7,3537,476,3537,24,510,280302,67500,266,3543,433,891,300400,1066,159,1483,303,1467,3543,32.5,834,0,892,3185,766,19,100,3255,24,8,314,44,20,18,7.51,10.72,20.65,2.73,13.46,0.0,0.54,32.7,Census Tract 2803.02; Baltimore city; Maryland,67500,30853.0,266,3543,1500,34,1466,216,480,44,18,2172,300400,1066,433,891
Census Tract 2804.01; Baltimore city; Maryland,92.8,26.0,5.2,75.1,97.2,3050,525,3050,24,510,280401,58988,248,3050,1034,452,195000,1111,185,1671,50,1508,3065,42.6,51,86,513,2904,403,28,572,2365,42,9,87,74,82,78,8.13,11.07,3.32,3.19,17.21,16.76,0.91,69.58,Census Tract 2804.01; Baltimore city; Maryland,58988,41051.0,248,3050,1629,84,1545,319,134,109,25,2255,195000,1111,1034,452
Census Tract 2804.02; Baltimore city; Maryland,91.4,27.8,9.7,69.0,96.4,1447,216,1447,24,510,280402,63188,227,1424,550,67,160800,1413,16,633,53,546,1451,48.9,22,33,158,1350,161,0,0,1403,28,0,33,68,8,51,15.94,2.53,9.71,6.66,14.93,20.89,0.0,89.14,Census Tract 2804.02; Baltimore city; Maryland,63188,31809.0,227,1424,617,60,557,250,61,0,0,1118,160800,1413,550,67
Census Tract 2804.03; Baltimore city; Maryland,92.8,35.5,1.4,63.0,93.6,4050,524,4050,24,510,280403,51728,630,4030,975,889,244000,1298,219,2083,156,2184,4171,40.0,815,21,857,3557,429,29,813,2704,555,0,343,271,37,49,15.63,10.51,7.14,2.31,12.94,2.45,0.7,52.31,Census Tract 2804.03; Baltimore city; Maryland,51728,38962.0,630,4030,2233,31,2202,478,423,51,96,2949,244000,1298,975,889
Census Tract 2804.04; Baltimore city; Maryland,83.2,15.2,11.3,59.6,96.6,2589,400,2589,24,510,280404,40156,959,2553,454,677,213000,789,153,1284,268,854,2816,32.8,152,36,694,2644,583,0,185,2523,53,0,154,18,0,0,37.56,11.92,31.38,3.73,15.45,5.19,0.0,40.14,Census Tract 2804.04; Baltimore city; Maryland,40156,21549.0,959,2553,940,106,834,161,105,0,11,1822,213000,789,454,677
Census Tract 2805; Baltimore city; Maryland,58.7,6.0,24.6,32.1,96.4,1935,664,1935,24,510,280500,13036,1154,1935,42,849,162500,347,137,1028,246,467,2620,32.6,13,98,509,2468,385,16,187,2346,1,22,121,31,50,10,59.64,13.33,52.68,4.98,34.32,19.25,0.61,4.71,Census Tract 2805; Baltimore city; Maryland,13036,15370.0,1154,1935,642,158,484,78,21,0,11,1838,162500,347,42,849
Census Tract 2806; Baltimore city; Maryland,76.7,12.5,13.3,45.3,95.9,3385,830,3385,24,510,280600,14978,1893,3368,221,1296,208500,565,219,1736,191,1210,3423,36.3,0,37,643,3278,594,15,97,3198,0,15,67,78,182,19,56.21,12.62,15.79,2.83,24.52,5.75,0.44,14.57,Census Tract 2806; Baltimore city; Maryland,14978,20491.0,1893,3368,1402,187,1215,130,173,0,0,2425,208500,565,221,1296
