{
  "Demographics": [
    "total_population",
    "median_age",
    "black_or_african_american_alone",
    "hispanic_or_latino",
    "asian_alone"
  ],
  "Education": [
    "high_school_completion_25plus",
    "bachelor's_degree_or_higher_25plus",
    "bachelor's_degree",
    "master's_degree",
    "professional_degree",
    "doctorate_degree"
  ],
  "Employment & Income": [
    "unemployment_rate",
    "median_household_income_health",
    "per_capita_income",
    "civilian_labor_force",
    "unemployed",
    "employed"
  ],
  "Poverty": [
    "population_below_poverty_level",
    "poverty_rate"
  ],
  "Housing": [
    "median_home_value_health",
    "median_gross_rent_health",
    "vacant_housing_units",
    "total_housing_units",
    "home_ownership_rate",
    "vacancy_rate"
  ],
  "Health & Disability": [
    "population_with_a_disability",
    "disability_rate",
    "uninsured_population",
    "uninsured_rate"
  ],
  "Infrastructure & Access": [
    "broadband_internet_subscription",
    "public_transportation_to_work",
    "public_transit_rate"
  ],
  "Family Structure": [
    "children_in_married-couple_families",
    "children_in_single-parent_families",
    "single_parent_rate"
  ],
  "Immigration & Language": [
    "foreign-born_population",
    "foreign_born_rate",
    "speak_only_english"
  ]
}