{
  "year": 2022,
  "source": "U.S. Census Bureau - American Community Survey 5-Year Estimates",
  "geography": "Census Tracts",
  "location": "Baltimore City, Maryland",
  "total_indicators": 35,
  "indicators": {
    "S1501_C02_014E": "High school completion (25+)",
    "S1501_C02_015E": "Bachelor's degree or higher (25+)",
    "S2301_C04_001E": "Unemployment rate",
    "B19013_001E": "Median household income",
    "B17001_002E": "Population below poverty",
    "B17001_001E": "Total population (poverty universe)",
    "B25003_002E": "Owner-occupied housing units",
    "B25003_003E": "Renter-occupied housing units",
    "B25077_001E": "Median home value",
    "B25064_001E": "Median gross rent",
    "B25002_003E": "Vacant housing units",
    "B25002_001E": "Total housing units",
    "S2801_C02_017E": "Broadband internet subscription",
    "B08301_010E": "Public transportation to work",
    "B08301_001E": "Total workers (transportation universe)",
    "S2701_C03_001E": "Uninsured population",
    "S2701_C01_001E": "Total civilian noninstitutionalized population",
    "B01001_001E": "Total population",
    "B01002_001E": "Median age",
    "S1810_C02_001E": "Population with a disability",
    "S1810_C01_001E": "Total population (disability universe)",
    "B09002_002E": "Children in married-couple families",
    "B09002_009E": "Children in single-parent families",
    "B09002_001E": "Total children",
    "B16004_001E": "Total population 5+ (language universe)",
    "B16004_003E": "Speak only English",
    "B05001_006E": "Foreign-born population",
    "B03002_003E": "White alone, not Hispanic",
    "B03002_004E": "Black or African American alone",
    "B03002_012E": "Hispanic or Latino",
    "B03002_006E": "Asian alone",
    "B01001_003E": "Male under 5 years",
    "B01001_027E": "Female under 5 years",
    "B01001_020E": "Male 65 years and over",
    "B01001_044E": "Female 65 years and over"
  }
}